-- Adminer 5.3.0 MariaDB 11.6.2-MariaDB-ubu2404 dump

SET NAMES utf8;
SET time_zone = '+00:00';
SET foreign_key_checks = 0;
SET sql_mode = 'NO_AUTO_VALUE_ON_ZERO';

SET NAMES utf8mb4;

DROP TABLE IF EXISTS `ci_sessions`;
CREATE TABLE `ci_sessions` (
  `id` varchar(128) NOT NULL,
  `ip_address` varchar(45) NOT NULL,
  `timestamp` int(10) unsigned NOT NULL DEFAULT 0,
  `data` blob NOT NULL,
  PRIMARY KEY (`id`),
  KEY `ci_sessions_timestamp` (`timestamp`)
) ENGINE=InnoDB DEFAULT CHARSET=utf8mb4 COLLATE=utf8mb4_general_ci;


DROP TABLE IF EXISTS `apps_lecturers`;
CREATE TABLE `apps_lecturers` (
  `id` varchar(20) NOT NULL,
  `email` varchar(100) NOT NULL,
  `name` varchar(255) NOT NULL,
  `rank` varchar(10) DEFAULT NULL,
  `position` varchar(50) DEFAULT NULL,
  `created_at` timestamp NULL DEFAULT current_timestamp(),
  `updated_at` timestamp NULL DEFAULT current_timestamp() ON UPDATE current_timestamp(),
  PRIMARY KEY (`id`)
) ENGINE=InnoDB DEFAULT CHARSET=utf8mb4 COLLATE=utf8mb4_general_ci;

INSERT INTO `apps_lecturers` (`id`, `email`, `name`, `rank`, `position`, `created_at`, `updated_at`) VALUES
('195305231983031002',	'aguswidodo@ub.ac.id',	'Prof.Dr. Agus Widodo, M.Kes',	'IV/d',	'Guru Besar',	'2025-07-16 06:54:09',	'2025-07-16 06:54:09'),
('195905151992031002',	'bamsugan@ub.ac.id',	'Drs. Bambang Sugandi, M.Si',	'III/c',	'Lektor',	'2025-07-16 06:54:09',	'2025-07-16 06:54:09'),
('195910311989121001',	'mslk@ub.ac.id',	'Drs. Mohamad Muslikh, M.Si., Ph.D',	'IV/b',	'Lektor Kepala',	'2025-07-16 06:54:09',	'2025-07-16 06:54:09'),
('196012071988021001',	'sobri@ub.ac.id',	'Dr. Drs. Sobri A., MT',	'IV/a',	'Lektor Kepala',	'2025-07-16 06:54:09',	'2025-07-16 06:54:09'),
('196101171988021002',	'marsudi61@ub.ac.id',	'Dr. Drs. Marsudi, MS',	'IV/c',	'Lektor Kepala',	'2025-07-16 06:54:09',	'2025-07-16 06:54:09'),
('196105161987012001',	'ari_mat@ub.ac.id',	'Dra. Ari Andari, M.Si',	'IV/a',	'Lektor Kepala',	'2025-07-16 06:54:09',	'2025-07-16 06:54:09'),
('196112041988021001',	'noorh@ub.ac.id',	'Dr. Drs. Noor Hidayat, M.Si',	'IV/a',	'Lektor Kepala',	'2025-07-16 06:54:09',	'2025-07-16 06:54:09'),
('196203141989031001',	'wantoinp@ub.ac.id',	'Drs. Imam Nurhadi Purwanto, MT',	'IV/a',	'Lektor Kepala',	'2025-07-16 06:54:09',	'2025-07-16 06:54:09'),
('196211161988031004',	'marjono@ub.ac.id',	'Prof.Dr. Marjono, M.Phil',	'IV/d',	'Guru Besar',	'2025-07-16 06:54:09',	'2025-07-16 06:54:09'),
('196309261989032001',	'trisilowati@ub.ac.id',	'Dra. Trisilowati, M.Sc.,Ph.D',	'IV/a',	'Lektor Kepala',	'2025-07-16 06:54:09',	'2025-07-16 06:54:09'),
('196607281993032001',	'wmuharini@ub.ac.id',	'Dr. Wuryansari Muharini Kusumawinahyu,M.Si',	'IV/a',	'Lektor Kepala',	'2025-07-16 06:54:09',	'2025-07-16 06:54:09'),
('196611121991032001',	'ewahyu-math@ub.ac.id',	'Dra. Endang Wahyu Handamari, M.Si',	'III/d',	'Lektor',	'2025-07-16 06:54:09',	'2025-07-16 06:54:09'),
('196709071992031001',	'abdul_rouf@ub.ac.id',	'Drs. Abdul Rouf Alghofari, M.Sc.,Ph.D',	'III/d',	'Lektor',	'2025-07-16 06:54:09',	'2025-07-16 06:54:09'),
('196807252002122001',	'u.saadah@ub.ac.id',	'Dr. Umu Sa`adah, M.Si',	'III/c',	'Lektor',	'2025-07-16 06:54:09',	'2025-07-16 06:54:09'),
('196908071994121001',	'suryanto@ub.ac.id',	'Prof.Dr. Agus Suryanto, M.Sc',	'IV/c',	'Guru Besar',	'2025-07-16 06:54:09',	'2025-07-16 06:54:09'),
('197006221998022001',	'dina_math@ub.ac.id',	'Kwardiniya Andawaningtyas, S.Si.,M.Si',	'III/d',	'Lektor',	'2025-07-16 06:54:09',	'2025-07-16 06:54:09'),
('197312162002122001',	'isnanidarti@ub.ac.id',	'Dr. Isnani Darti, S.Si.,M.Si',	'IV/a',	'Lektor Kepala',	'2025-07-16 06:54:09',	'2025-07-16 06:54:09'),
('197509082000031003',	'rbagus@ub.ac.id',	'Ratno Bagus Edy Wibowo, S.Si.,M.Si.,Ph.D',	'III/d',	'Lektor',	'2025-07-16 06:54:09',	'2025-07-16 06:54:09'),
('197801152002121003',	'syaiful@ub.ac.id',	'Syaiful Anam, S.Si.,MT.,Ph.D',	'III/b',	'Asisten Ahli',	'2025-07-16 06:54:09',	'2025-07-16 06:54:09'),
('197911292005012002',	'indah_yanti@ub.ac.id',	'Indah Yanti, S.Si., M.Si',	'III/a',	'Lektor',	'2025-07-16 06:54:09',	'2025-07-16 06:54:09'),
('198008142005012004',	'saadatulfitri@ub.ac.id',	'Dr. Sa`adatul Fitri, S.Si., M.Sc',	'III/a',	'Lektor',	'2025-07-16 06:54:09',	'2025-07-16 06:54:09'),
('198209252006042001',	'virahari@ub.ac.id',	'Dr. Vira Hari Krisnawati, S.Si.,M.Sc',	'III/a',	'Asisten Ahli',	'2025-07-16 06:54:09',	'2025-07-16 06:54:09'),
('198302222009122002',	'co_mathub@ub.ac.id',	'Corina Karim, S.Si.,M.Si.,Ph.D',	'III/b',	'Asisten Ahli',	'2025-07-16 06:54:09',	'2025-07-16 06:54:09'),
('198411242009122006',	'nur_shofianah@ub.ac.id',	'Nur Shofianah, S.Si.,M.Si.,Ph.D',	'III/b',	'Asisten Ahli',	'2025-07-16 06:54:09',	'2025-07-16 06:54:09'),
('198505152009122004',	'ummu_habibah@ub.ac.id',	'Ummu Habibah, S.Si.,M.Si.,Ph.D',	'III/b',	'Asisten Ahli',	'2025-07-16 06:54:09',	'2025-07-16 06:54:09'),
('198604112019031009',	'darmajid@ub.ac.id',	'Dr. Darmajid, S.Si., M.Si.',	NULL,	NULL,	'2025-07-16 06:54:09',	'2025-07-16 06:54:09'),
('198605042009122006',	'mila_n12@ub.ac.id',	'Mila Kurniawaty, S.Si.,M.Si.,Ph.D',	'III/b',	'Asisten Ahli',	'2025-07-16 06:54:09',	'2025-07-16 06:54:09'),
('198706102014042002',	'zuraidahfitriah@ub.ac.id',	'Zuraidah Fitriah, S.Si.,M.Si',	'III/b',	'Tenaga Pengajar',	'2025-07-16 06:54:09',	'2025-07-16 06:54:09'),
('199006202015042004',	'mdwimifta@ub.ac.id',	'Dwi Mifta Mahanani, S.Si.,M.Si',	'III/b',	'Tenaga Pengajar',	'2025-07-16 06:54:09',	'2025-07-16 06:54:09'),
('199202052022031006',	'fery.widhiatmoko@ub.ac.id',	'Fery Widhiatmoko, S.Pd., M.Sc',	'III/a',	'Tenaga Pengajar',	'2025-07-16 06:54:09',	'2025-07-16 06:54:09');

DROP TABLE IF EXISTS `apps_modules`;
CREATE TABLE `apps_modules` (
  `id` int(11) NOT NULL AUTO_INCREMENT,
  `name` varchar(255) NOT NULL,
  `description` text DEFAULT NULL,
  PRIMARY KEY (`id`)
) ENGINE=InnoDB DEFAULT CHARSET=utf8mb4 COLLATE=utf8mb4_general_ci;

INSERT INTO `apps_modules` (`id`, `name`, `description`) VALUES
(1,	'dashboard',	'Dashboard'),
(2,	'master_data',	'Master Data'),
(3,	'pkl_activity',	'Kegiatan PKL'),
(4,	'pkl_setting',	'Pengaturan PKL'),
(5,	'pkl_approval',	'Persetujuan PKL'),
(6,	'pkl_upload',	'Unggah Surat');

DROP TABLE IF EXISTS `apps_roles`;
CREATE TABLE `apps_roles` (
  `id` int(11) NOT NULL AUTO_INCREMENT,
  `name` varchar(50) NOT NULL,
  `description` varchar(255) DEFAULT NULL,
  PRIMARY KEY (`id`),
  UNIQUE KEY `name` (`name`)
) ENGINE=InnoDB DEFAULT CHARSET=utf8mb4 COLLATE=utf8mb4_general_ci;

INSERT INTO `apps_roles` (`id`, `name`, `description`) VALUES
(1,	'super admin',	'Administrator with full access'),
(2,	'student',	'Student with limited access'),
(3,	'lecturer',	'Lecturer with teaching-related access'),
(4,	'staff',	'Staff with administrative access'),
(5,	'head study program',	'Head of study program with limited access');

DROP TABLE IF EXISTS `apps_role_access`;
CREATE TABLE `apps_role_access` (
  `role_id` int(11) NOT NULL,
  `module_id` int(11) NOT NULL,
  `can_create` tinyint(1) DEFAULT 0,
  `can_read` tinyint(1) DEFAULT 0,
  `can_update` tinyint(1) DEFAULT 0,
  `can_delete` tinyint(1) DEFAULT 0
) ENGINE=InnoDB DEFAULT CHARSET=utf8mb4 COLLATE=utf8mb4_general_ci;

INSERT INTO `apps_role_access` (`role_id`, `module_id`, `can_create`, `can_read`, `can_update`, `can_delete`) VALUES
(1,	1,	1,	1,	1,	1),
(1,	2,	1,	1,	1,	1),
(1,	3,	1,	1,	1,	1),
(1,	4,	1,	1,	1,	1),
(1,	5,	1,	1,	1,	1),
(1,	6,	1,	1,	1,	1),
(2,	1,	1,	1,	1,	1),
(2,	2,	0,	0,	0,	0),
(2,	3,	1,	1,	1,	1),
(2,	4,	0,	0,	0,	0),
(2,	5,	0,	0,	0,	0),
(2,	6,	0,	0,	0,	0),
(3,	1,	1,	1,	1,	1),
(3,	2,	0,	0,	0,	0),
(3,	3,	0,	0,	0,	0),
(3,	4,	0,	0,	0,	0),
(3,	5,	0,	0,	0,	0),
(3,	6,	0,	0,	0,	0),
(4,	1,	1,	1,	1,	1),
(4,	2,	0,	0,	0,	0),
(4,	3,	0,	0,	0,	0),
(4,	4,	0,	0,	0,	0),
(4,	5,	0,	0,	0,	0),
(4,	6,	0,	0,	0,	0),
(5,	1,	1,	1,	1,	1),
(5,	2,	0,	0,	0,	0),
(5,	3,	0,	0,	0,	0),
(5,	4,	0,	0,	0,	0),
(5,	5,	1,	1,	1,	1),
(5,	6,	0,	0,	0,	0);

DROP TABLE IF EXISTS `apps_staffs`;
CREATE TABLE `apps_staffs` (
  `id` varchar(20) NOT NULL,
  `email` varchar(100) NOT NULL,
  `name` varchar(255) NOT NULL,
  `created_at` timestamp NULL DEFAULT current_timestamp(),
  `updated_at` timestamp NULL DEFAULT current_timestamp() ON UPDATE current_timestamp(),
  PRIMARY KEY (`id`)
) ENGINE=InnoDB DEFAULT CHARSET=utf8mb4 COLLATE=utf8mb4_general_ci;

INSERT INTO `apps_staffs` (`id`, `email`, `name`, `created_at`, `updated_at`) VALUES
('197810232009102002',	'pujiyanti@ub.ac.id',	'PUJIYANTI, A.Md.',	'2025-07-16 06:54:09',	'2025-07-16 06:54:09'),
('2008108707071001',	'riski_ovta@ub.ac.id',	'RIESKY OVTA HIDAYAT, A.Md.',	'2025-07-16 06:54:09',	'2025-07-16 06:54:09'),
('3508131811970002',	'ruslan@ub.ac.id',	'MUHAMMAD RUSLAN NOVIANTO, S.Si., M.Si.',	'2025-07-16 06:54:09',	'2025-07-16 06:54:09');

DROP TABLE IF EXISTS `apps_students`;
CREATE TABLE `apps_students` (
  `id` varchar(20) NOT NULL,
  `email` varchar(100) NOT NULL,
  `name` varchar(255) NOT NULL,
  `study_program_id` int(11) NOT NULL,
  `created_at` timestamp NULL DEFAULT current_timestamp(),
  `updated_at` timestamp NULL DEFAULT current_timestamp() ON UPDATE current_timestamp(),
  PRIMARY KEY (`id`)
) ENGINE=InnoDB DEFAULT CHARSET=utf8mb4 COLLATE=utf8mb4_general_ci;

INSERT INTO `apps_students` (`id`, `email`, `name`, `study_program_id`, `created_at`, `updated_at`) VALUES
('155090400111017',	'adhithya@student.ub.ac.id',	'ADHITHYA TAUFIQURRAHMAN ASSEL',	1,	'2025-08-09 19:27:46',	'2025-08-09 19:27:46'),
('155090401111021',	'zidnanayla@student.ub.ac.id',	'Zidna Nayla Hidayati',	1,	'2025-08-09 19:27:46',	'2025-08-09 19:27:46'),
('155090401111042',	'azqiamalia@student.ub.ac.id',	'Azqi Amalia Khaerunnisa',	1,	'2025-08-09 19:27:46',	'2025-08-09 19:27:46'),
('155090407111024',	'noreenpaath@student.ub.ac.id',	'NOREEN ANN YULIANA PAATH',	1,	'2025-08-09 19:27:46',	'2025-08-09 19:27:46'),
('165090400111007',	'nxfikri@student.ub.ac.id',	'NAWAR FIKRI',	1,	'2025-08-09 19:27:46',	'2025-08-09 19:27:46'),
('165090400111017',	'findypf32@student.ub.ac.id',	'FINDY PRASTICA FERDIANDINI',	1,	'2025-08-09 19:27:46',	'2025-08-09 19:27:46'),
('165090400111021',	'alluka@student.ub.ac.id',	'ADITYA FAUZAN NUR',	1,	'2025-08-09 19:27:46',	'2025-08-09 19:27:46'),
('165090401111019',	'ulfahtri@student.ub.ac.id',	'ULFAH TRI ASMA DEWI',	1,	'2025-08-09 19:27:46',	'2025-08-09 19:27:46'),
('165090407111002',	'farhanramadhan@student.ub.ac.id',	'FARHAN ZHAFAR RAMADHAN',	1,	'2025-08-09 19:27:46',	'2025-08-09 19:27:46'),
('165090407111011',	'nindyamrs@student.ub.ac.id',	'NINDYA MARATUS SOLICHAH AMIN',	1,	'2025-08-09 19:27:46',	'2025-08-09 19:27:46'),
('165090407111013',	'raafidifitri@student.ub.ac.id',	'RAFIFA RAFIDA FITRI',	1,	'2025-08-09 19:27:46',	'2025-08-09 19:27:46'),
('165090407111030',	'maydwi09@student.ub.ac.id',	'MAY DWI CAHYANA',	1,	'2025-08-09 19:27:46',	'2025-08-09 19:27:46'),
('165090407111034',	'mitarusdianti25@student.ub.ac.id',	'Mita Rusdianti Kusuma',	1,	'2025-08-09 19:27:46',	'2025-08-09 19:27:46'),
('175090400111002',	'ekadion@student.ub.ac.id',	'EKADION MAULANA',	1,	'2025-08-09 19:27:46',	'2025-08-09 19:27:46'),
('175090400111009',	'fachrybudi123@student.ub.ac.id',	'FACHRY BUDI HERMAWAN',	1,	'2025-08-09 19:27:46',	'2025-08-09 19:27:46'),
('175090400111011',	'alyashafam@student.ub.ac.id',	'ALYA SHAFIRA AMALIA',	1,	'2025-08-09 19:27:46',	'2025-08-09 19:27:46'),
('175090400111014',	'prabowo99@student.ub.ac.id',	'PRABOWO WISNUMURTI',	1,	'2025-08-09 19:27:46',	'2025-08-09 19:27:46'),
('175090400111017',	'purwitasari@student.ub.ac.id',	'PURWITASARI',	1,	'2025-08-09 19:27:46',	'2025-08-09 19:27:46'),
('175090400111018',	'almaulidaa28@student.ub.ac.id',	'SALMA MAULIDA',	1,	'2025-08-09 19:27:46',	'2025-08-09 19:27:46'),
('175090400111022',	'akasza@student.ub.ac.id',	'ZAKI FAISAL',	1,	'2025-08-09 19:27:46',	'2025-08-09 19:27:46'),
('175090400111023',	'elsanathania@student.ub.ac.id',	'ELISABETH NATHANIA',	1,	'2025-08-09 19:27:46',	'2025-08-09 19:27:46'),
('175090400111028',	'ruthmargaretta@student.ub.ac.id',	'RUTH MARGARETTA',	1,	'2025-08-09 19:27:46',	'2025-08-09 19:27:46'),
('175090400111033',	'nahdhiaruhma@student.ub.ac.id',	'NAHDHIA RUHMA OKTAVININGRUM',	1,	'2025-08-09 19:27:46',	'2025-08-09 19:27:46'),
('175090400111034',	'mutiara_sukma@student.ub.ac.id',	'MUTIARA SUKMA DEWI',	1,	'2025-08-09 19:27:46',	'2025-08-09 19:27:46'),
('175090400111038',	'rizkyaldi@student.ub.ac.id',	'MUHAMAD RIZKY ALDIAN',	1,	'2025-08-09 19:27:46',	'2025-08-09 19:27:46'),
('175090400111039',	'san_lrs@student.ub.ac.id',	'SANDRA SHAHLINTANG LARASHATI',	1,	'2025-08-09 19:27:46',	'2025-08-09 19:27:46'),
('175090400111040',	'zuhria30@student.ub.ac.id',	'ZUHRIA NUR AULIA',	1,	'2025-08-09 19:27:46',	'2025-08-09 19:27:46'),
('175090401111005',	'anita_kumsar@student.ub.ac.id',	'Anita Kumala Sari',	1,	'2025-08-09 19:27:46',	'2025-08-09 19:27:46'),
('175090401111008',	'nurainikarimah@student.ub.ac.id',	'Nur Aini Karimah',	1,	'2025-08-09 19:27:46',	'2025-08-09 19:27:46'),
('175090401111012',	'mayadewi@student.ub.ac.id',	'Maya Dewi Oktafiyani',	1,	'2025-08-09 19:27:46',	'2025-08-09 19:27:46'),
('175090401111019',	'romi_wijaya1708@student.ub.ac.id',	'Romi Wijaya',	1,	'2025-08-09 19:27:46',	'2025-08-09 19:27:46'),
('175090401111024',	'ramadebye@student.ub.ac.id',	'Debbye Rama Friscicilia Sitompul',	1,	'2025-08-09 19:27:46',	'2025-08-09 19:27:46'),
('175090401111029',	'okta0897@student.ub.ac.id',	'Oktavinus Ryaniko Imanuel',	1,	'2025-08-09 19:27:46',	'2025-08-09 19:27:46'),
('175090401111030',	'galuhspt4@student.ub.ac.id',	'Galuh Adelia Setiawanda',	1,	'2025-08-09 19:27:46',	'2025-08-09 19:27:46'),
('175090401111032',	'abelianj@student.ub.ac.id',	'Abelia Nur Jannah',	1,	'2025-08-09 19:27:46',	'2025-08-09 19:27:46'),
('175090401111035',	'riefafachria@student.ub.ac.id',	'Riefa Fachria Azhari',	1,	'2025-08-09 19:27:46',	'2025-08-09 19:27:46'),
('175090407111004',	'hezkiagrendis@student.ub.ac.id',	'HEZKIA GRENDIS VALERIANA',	1,	'2025-08-09 19:27:46',	'2025-08-09 19:27:46'),
('175090407111005',	'rosayinitika@student.ub.ac.id',	'KARTIKA ROSAYINI',	1,	'2025-08-09 19:27:46',	'2025-08-09 19:27:46'),
('175090407111010',	'abyan_daffa11@student.ub.ac.id',	'ABYAN DAFFA AKBAR',	1,	'2025-08-09 19:27:46',	'2025-08-09 19:27:46'),
('175090407111012',	'vinka2711@student.ub.ac.id',	'VINKA AMEERA NUR SABRINA',	1,	'2025-08-09 19:27:46',	'2025-08-09 19:27:46'),
('175090407111015',	'eunikeart@student.ub.ac.id',	'EUNIKE ARTHALIA HULU',	1,	'2025-08-09 19:27:46',	'2025-08-09 19:27:46'),
('175090407111016',	'athayassar@student.ub.ac.id',	'ALLDI ATHAYASSAR CAESARANI',	1,	'2025-08-09 19:27:46',	'2025-08-09 19:27:46'),
('175090407111019',	'randy65@student.ub.ac.id',	'MOHAMMAD RANDY AMIN',	1,	'2025-08-09 19:27:46',	'2025-08-09 19:27:46'),
('175090407111020',	'muhammadaslam@student.ub.ac.id',	'MUHAMMAD GHOZI ASLAM',	1,	'2025-08-09 19:27:46',	'2025-08-09 19:27:46'),
('175090407111023',	'aureliadear@student.ub.ac.id',	'AURELIA DEAR NATHANIA',	1,	'2025-08-09 19:27:46',	'2025-08-09 19:27:46'),
('175090407111024',	'femi_tasani@student.ub.ac.id',	'FEMI TASANI',	1,	'2025-08-09 19:27:46',	'2025-08-09 19:27:46'),
('175090407111027',	'graciastefany@student.ub.ac.id',	'GRACIA STEFANY',	1,	'2025-08-09 19:27:46',	'2025-08-09 19:27:46'),
('175090407111028',	'chandrasesar@student.ub.ac.id',	'CHANDRA SESAR AGUSTINUS SIPAYUNG',	1,	'2025-08-09 19:27:46',	'2025-08-09 19:27:46'),
('175090407111030',	'immanuelwahyu9@student.ub.ac.id',	'IMMANUEL WAHYU NUGROHO',	1,	'2025-08-09 19:27:46',	'2025-08-09 19:27:46'),
('175090407111031',	'erinwindaya@student.ub.ac.id',	'ERIN WINDAYAWULAN',	1,	'2025-08-09 19:27:46',	'2025-08-09 19:27:46'),
('175090407111033',	'mellisacahaya@student.ub.ac.id',	'MELLISA CAHAYA DEWI',	1,	'2025-08-09 19:27:46',	'2025-08-09 19:27:46'),
('185090400111001',	'hofwan11@student.ub.ac.id',	'MUHAMMAD SHOFWAN ATSIR',	1,	'2025-08-09 19:27:46',	'2025-08-09 19:27:46'),
('185090400111002',	'anva65@student.ub.ac.id',	'AININ NUCI VERA AULIA',	1,	'2025-08-09 19:27:46',	'2025-08-09 19:27:46'),
('185090400111005',	'aisyhanf@student.ub.ac.id',	'AISYHA NABILLA FEBRIANTI',	1,	'2025-08-09 19:27:46',	'2025-08-09 19:27:46'),
('185090400111006',	'deciarnaanisa@student.ub.ac.id',	'DECI ARNA ANISA',	1,	'2025-08-09 19:27:46',	'2025-08-09 19:27:46'),
('185090400111007',	'int_auly@student.ub.ac.id',	'INTAN AULIYA',	1,	'2025-08-09 19:27:46',	'2025-08-09 19:27:46'),
('185090400111008',	'izzhmillenia@student.ub.ac.id',	'IZZAH MILLENIA ISLAMI',	1,	'2025-08-09 19:27:46',	'2025-08-09 19:27:46'),
('185090400111010',	'dewifransiska@student.ub.ac.id',	'YULI VRANSISKA DEWI',	1,	'2025-08-09 19:27:46',	'2025-08-09 19:27:46'),
('185090400111011',	'refinnalaoli@student.ub.ac.id',	'REFINNA FORTUNATA N.L',	1,	'2025-08-09 19:27:46',	'2025-08-09 19:27:46'),
('185090400111012',	'ilhamisdi@student.ub.ac.id',	'ILHAM ISDIANSYAH',	1,	'2025-08-09 19:27:46',	'2025-08-09 19:27:46'),
('185090400111015',	'iffahramadani@student.ub.ac.id',	'IFFAH RAMADANI',	1,	'2025-08-09 19:27:46',	'2025-08-09 19:27:46'),
('185090400111016',	'dhicka@student.ub.ac.id',	'DHICKA DHAULIKA ICHWANI',	1,	'2025-08-09 19:27:46',	'2025-08-09 19:27:46'),
('185090400111017',	'fakhriyyajihan@student.ub.ac.id',	'SITI FAKHRIYYA JIHAN MUNA',	1,	'2025-08-09 19:27:46',	'2025-08-09 19:27:46'),
('185090400111018',	'rifkyaliansyah@student.ub.ac.id',	'RIFKY ALIANSYAH GUNAWAN',	1,	'2025-08-09 19:27:46',	'2025-08-09 19:27:46'),
('185090400111019',	'namirasudrajat@student.ub.ac.id',	'NAMIRA SUDRAJAT',	1,	'2025-08-09 19:27:46',	'2025-08-09 19:27:46'),
('185090400111020',	'omcil_@student.ub.ac.id',	'MUHAMMAD ROMZY',	1,	'2025-08-09 19:27:46',	'2025-08-09 19:27:46'),
('185090400111021',	'angelina_renny@student.ub.ac.id',	'ANGELINA RENNY CHRISTIN OCTAVIA SIANTURI',	1,	'2025-08-09 19:27:46',	'2025-08-09 19:27:46'),
('185090400111022',	'rahmattullah16@student.ub.ac.id',	'NUR RAHMATTULLAH',	1,	'2025-08-09 19:27:46',	'2025-08-09 19:27:46'),
('185090400111025',	'aiisyahumi@student.ub.ac.id',	'AISYAH UMI NURJANNAH',	1,	'2025-08-09 19:27:46',	'2025-08-09 19:27:46'),
('185090400111027',	'prisgass@student.ub.ac.id',	'PRISGA SEPTYANA SIMANJUNTAK',	1,	'2025-08-09 19:27:46',	'2025-08-09 19:27:46'),
('185090400111029',	'victoria_as@student.ub.ac.id',	'VICTORIA ANGELINE SIANTURI',	1,	'2025-08-09 19:27:46',	'2025-08-09 19:27:46'),
('185090400111031',	'muhammadirga@student.ub.ac.id',	'MUHAMMAD IRGA TRI OKTAMA',	1,	'2025-08-09 19:27:46',	'2025-08-09 19:27:46'),
('185090400111033',	'ernitamanurung@student.ub.ac.id',	'ERNITA MANURUNG',	1,	'2025-08-09 19:27:46',	'2025-08-09 19:27:46'),
('185090400111034',	'ema12juli@student.ub.ac.id',	'SITI HALIMATUS SA`ADAH',	1,	'2025-08-09 19:27:46',	'2025-08-09 19:27:46'),
('185090400111035',	'irvanachmad@student.ub.ac.id',	'IRVAN ACHMAD ASHARI',	1,	'2025-08-09 19:27:46',	'2025-08-09 19:27:46'),
('185090400111036',	'richarudo@student.ub.ac.id',	'RICHARD SALVADOR SRIWIJAYA',	1,	'2025-08-09 19:27:46',	'2025-08-09 19:27:46'),
('185090400111038',	'siscalverina@student.ub.ac.id',	'FRANSISCA ALVERINA',	1,	'2025-08-09 19:27:46',	'2025-08-09 19:27:46'),
('185090400111039',	'auldwynt_@student.ub.ac.id',	'AULIA DEWIYANTI',	1,	'2025-08-09 19:27:46',	'2025-08-09 19:27:46'),
('185090400111040',	'shasty18@student.ub.ac.id',	'SYADZA SHASTYAVIANI ERYASPUTRI',	1,	'2025-08-09 19:27:46',	'2025-08-09 19:27:46'),
('185090400111041',	'alshasetyag557@student.ub.ac.id',	'ALSHA SETYA GANESHA',	1,	'2025-08-09 19:27:46',	'2025-08-09 19:27:46'),
('185090400111042',	'halimatulazizah@student.ub.ac.id',	'HALIMATUL AZIZAH',	1,	'2025-08-09 19:27:46',	'2025-08-09 19:27:46'),
('185090400111043',	'rossynurmala_ai@student.ub.ac.id',	'ROSSY NURMALA AI YULFIDA',	1,	'2025-08-09 19:27:46',	'2025-08-09 19:27:46'),
('185090400111044',	'shintaestriana@student.ub.ac.id',	'SHINTA ESTRIANA',	1,	'2025-08-09 19:27:46',	'2025-08-09 19:27:46'),
('185090400111045',	'antoniuspandu@student.ub.ac.id',	'ANTONIUS PANDU KUSUMA',	1,	'2025-08-09 19:27:46',	'2025-08-09 19:27:46'),
('185090400111047',	'taniiaafrilia@student.ub.ac.id',	'TANIA AFRILIA PUTRI',	1,	'2025-08-09 19:27:46',	'2025-08-09 19:27:46'),
('185090400111048',	'ropratama@student.ub.ac.id',	'RIFKI OCTA PRATAMA',	1,	'2025-08-09 19:27:46',	'2025-08-09 19:27:46'),
('185090401111002',	'azkamaulida16@student.ub.ac.id',	'AZKA IZZATUL MAULIDAH',	1,	'2025-08-09 19:27:46',	'2025-08-09 19:27:46'),
('185090401111003',	'azulalala@student.ub.ac.id',	'NUR AZIZAH ISNAINI',	1,	'2025-08-09 19:27:46',	'2025-08-09 19:27:46'),
('185090401111004',	'nisa_1806@student.ub.ac.id',	'Choirunnisa',	1,	'2025-08-09 19:27:46',	'2025-08-09 19:27:46'),
('185090401111006',	'hakim_akbar@student.ub.ac.id',	'Mochamad Hakim Akbar Assidiq Maulana',	1,	'2025-08-09 19:27:46',	'2025-08-09 19:27:46'),
('185090401111007',	'lisandini@student.ub.ac.id',	'LISA ANDINI',	1,	'2025-08-09 19:27:46',	'2025-08-09 19:27:46'),
('185090401111008',	'selamahwati@student.ub.ac.id',	'SELA MAHWATI',	1,	'2025-08-09 19:27:46',	'2025-08-09 19:27:46'),
('185090401111009',	'ericko2@student.ub.ac.id',	'ERICKO PUTRA GUMILANG',	1,	'2025-08-09 19:27:46',	'2025-08-09 19:27:46'),
('185090401111010',	'kusumatantri11@student.ub.ac.id',	'Kusuma Dyah Tantrie',	1,	'2025-08-09 19:27:46',	'2025-08-09 19:27:46'),
('185090401111012',	'grace_syamarv@student.ub.ac.id',	'GRACE SYAMAR VITASYA',	1,	'2025-08-09 19:27:46',	'2025-08-09 19:27:46'),
('185090401111013',	'dwinurulis@student.ub.ac.id',	'DWI NURUL ISTIQOMAH',	1,	'2025-08-09 19:27:46',	'2025-08-09 19:27:46'),
('185090401111014',	'ronarosita@student.ub.ac.id',	'Rona Rosita Nurngaini',	1,	'2025-08-09 19:27:46',	'2025-08-09 19:27:46'),
('185090401111015',	'melisaajeng_w@student.ub.ac.id',	'MELISA AJENG WIDYANTI',	1,	'2025-08-09 19:27:46',	'2025-08-09 19:27:46'),
('185090401111016',	'safrinarahma@student.ub.ac.id',	'Safrina Rahmahardi',	1,	'2025-08-09 19:27:46',	'2025-08-09 19:27:46'),
('185090401111017',	'radifa@student.ub.ac.id',	'Radifa Hasna Seilafanny',	1,	'2025-08-09 19:27:46',	'2025-08-09 19:27:46'),
('185090401111018',	'priyankarh@student.ub.ac.id',	'PRIYANKA RATULANGI HARGANDI',	1,	'2025-08-09 19:27:46',	'2025-08-09 19:27:46'),
('185090401111019',	'nurfitrianas9@student.ub.ac.id',	'NUR FITRIANA SETYOWATI',	1,	'2025-08-09 19:27:46',	'2025-08-09 19:27:46'),
('185090401111020',	'jannah_ceria@student.ub.ac.id',	'Siti Nurjanah',	1,	'2025-08-09 19:27:46',	'2025-08-09 19:27:46'),
('185090401111021',	'nurainisalsa211@student.ub.ac.id',	'NUR`AINI FAIRUUZ SALSABIILA',	1,	'2025-08-09 19:27:46',	'2025-08-09 19:27:46'),
('185090401111022',	'flaviarealvy1@student.ub.ac.id',	'FLAVIA REALVY SANTI',	1,	'2025-08-09 19:27:46',	'2025-08-09 19:27:46'),
('185090401111023',	'sheilaendira@student.ub.ac.id',	'Sheila Endira Julisty',	1,	'2025-08-09 19:27:46',	'2025-08-09 19:27:46'),
('185090401111024',	'nandhadwi@student.ub.ac.id',	'Nandha Dwi Mangesti Rahayu',	1,	'2025-08-09 19:27:46',	'2025-08-09 19:27:46'),
('185090401111025',	'loviadwi06@student.ub.ac.id',	'Lovia Dwi Noviyanti',	1,	'2025-08-09 19:27:46',	'2025-08-09 19:27:46'),
('185090401111026',	'almijo_g@student.ub.ac.id',	'ALMIRA JORYDANTA GUNANINGTYAS',	1,	'2025-08-09 19:27:46',	'2025-08-09 19:27:46'),
('185090401111027',	'ananda_islamiya@student.ub.ac.id',	'ANANDA HANS ISLAMIYAH',	1,	'2025-08-09 19:27:46',	'2025-08-09 19:27:46'),
('185090401111028',	'indhpuspitasari@student.ub.ac.id',	'Indah Puspitasari',	1,	'2025-08-09 19:27:46',	'2025-08-09 19:27:46'),
('185090401111029',	'jerrybudiharjo@student.ub.ac.id',	'JERRY BUDIHARJO',	1,	'2025-08-09 19:27:46',	'2025-08-09 19:27:46'),
('185090401111030',	'ilissdwi@student.ub.ac.id',	'LILIS DWI WAHYUNI',	1,	'2025-08-09 19:27:46',	'2025-08-09 19:27:46'),
('185090401111031',	'qoriatama@student.ub.ac.id',	'QORIA YUDI PRATAMA',	1,	'2025-08-09 19:27:46',	'2025-08-09 19:27:46'),
('185090401111032',	'sarahcharolina@student.ub.ac.id',	'Sarah Charolina Simamora',	1,	'2025-08-09 19:27:46',	'2025-08-09 19:27:46'),
('185090401111033',	'tentremhatinah@student.ub.ac.id',	'TENTREM HATINAH',	1,	'2025-08-09 19:27:46',	'2025-08-09 19:27:46'),
('185090401111034',	'samaghtan@student.ub.ac.id',	'NABILA SAMAGHTA',	1,	'2025-08-09 19:27:46',	'2025-08-09 19:27:46'),
('185090401111036',	'praaastika@student.ub.ac.id',	'PRASTICASARI',	1,	'2025-08-09 19:27:46',	'2025-08-09 19:27:46'),
('185090401111037',	'melinaqshofyan@student.ub.ac.id',	'Melina Qholifatul Shofyan',	1,	'2025-08-09 19:27:46',	'2025-08-09 19:27:46'),
('185090401111038',	'adtyspgpa@student.ub.ac.id',	'ADETYAS PRETTY GRAHADIANA PUTRI ARDIANSYAH',	1,	'2025-08-09 19:27:46',	'2025-08-09 19:27:46'),
('185090401111039',	'indahpermata5@student.ub.ac.id',	'INDAH PERMATA SARI',	1,	'2025-08-09 19:27:46',	'2025-08-09 19:27:46'),
('185090407111001',	'cennetha@student.ub.ac.id',	'AGNES CENNETHA PUSPARANI',	1,	'2025-08-09 19:27:46',	'2025-08-09 19:27:46'),
('185090407111002',	'rivaldopranata@student.ub.ac.id',	'RIVALDO PRANATA KASIH',	1,	'2025-08-09 19:27:46',	'2025-08-09 19:27:46'),
('185090407111003',	'alifarahma@student.ub.ac.id',	'ALIFA RAHMA MUSTAQIMAH',	1,	'2025-08-09 19:27:46',	'2025-08-09 19:27:46'),
('185090407111004',	'maulida_alyaaa@student.ub.ac.id',	'SHAFA ALYA MAULIDA',	1,	'2025-08-09 19:27:46',	'2025-08-09 19:27:46'),
('185090407111005',	'bambang11@student.ub.ac.id',	'BAMBANG DODO LESTARI',	1,	'2025-08-09 19:27:46',	'2025-08-09 19:27:46'),
('185090407111006',	'faizmalbarq@student.ub.ac.id',	'FAIZ MUHAMMAD ALBARQ',	1,	'2025-08-09 19:27:46',	'2025-08-09 19:27:46'),
('185090407111007',	'anggikrisdianti@student.ub.ac.id',	'Anggi Krisdiantika',	1,	'2025-08-09 19:27:46',	'2025-08-09 19:27:46'),
('185090407111008',	'wahyuking18@student.ub.ac.id',	'WAHYU',	1,	'2025-08-09 19:27:46',	'2025-08-09 19:27:46'),
('185090407111009',	'adivansa@student.ub.ac.id',	'DIVANSA ANANTHA PUTRI',	1,	'2025-08-09 19:27:46',	'2025-08-09 19:27:46'),
('185090407111010',	'safiranurizky@student.ub.ac.id',	'RISKA SAFIRA NURIZKY',	1,	'2025-08-09 19:27:46',	'2025-08-09 19:27:46'),
('185090407111012',	'elvira_tolla@student.ub.ac.id',	'ELVIRA MONICA A. ADELHEID TOLLA',	1,	'2025-08-09 19:27:46',	'2025-08-09 19:27:46'),
('185090407111013',	'fairuzkartika68@student.ub.ac.id',	'FAIRUZ KARTIKA SARI',	1,	'2025-08-09 19:27:46',	'2025-08-09 19:27:46'),
('185090407111014',	'alfiimaunah@student.ub.ac.id',	'ALFI MA`UNAH',	1,	'2025-08-09 19:27:46',	'2025-08-09 19:27:46'),
('185090407111015',	'bilulamito@student.ub.ac.id',	'ILHAM BRILLIANDI',	1,	'2025-08-09 19:27:46',	'2025-08-09 19:27:46'),
('185090407111017',	'falahciesa@student.ub.ac.id',	'FALAH CIESA RIADI',	1,	'2025-08-09 19:27:46',	'2025-08-09 19:27:46'),
('185090407111019',	'nadifats@student.ub.ac.id',	'NADIFATUS SHOLEHAH',	1,	'2025-08-09 19:27:46',	'2025-08-09 19:27:46'),
('185090407111020',	'aorelverel@student.ub.ac.id',	'AOREL VEREL WAFIQ AZIZI',	1,	'2025-08-09 19:27:46',	'2025-08-09 19:27:46'),
('185090407111021',	'yulianitm@student.ub.ac.id',	'YULIANI TUAN MANDAPOT',	1,	'2025-08-09 19:27:46',	'2025-08-09 19:27:46'),
('185090420111001',	'wardiatunnufus@student.ub.ac.id',	'WARDIATUN NUFUS',	1,	'2025-08-09 19:27:46',	'2025-08-09 19:27:46'),
('195090400111001',	'izraellazuardi@student.ub.ac.id',	'Izra El Lazuardi Manik',	1,	'2025-08-09 19:27:46',	'2025-08-09 19:27:46'),
('195090400111002',	'zuhrotul98ub@student.ub.ac.id',	'ZUHROTUL AENI',	1,	'2025-08-09 19:27:46',	'2025-08-09 19:27:46'),
('195090400111003',	'twostyandini01@student.ub.ac.id',	'Twosty Prasetyo Andini',	1,	'2025-08-09 19:27:46',	'2025-08-09 19:27:46'),
('195090400111004',	'husnulkhu@student.ub.ac.id',	'MUHAMMAD HUSNUL KHULUQ',	1,	'2025-08-09 19:27:46',	'2025-08-09 19:27:46'),
('195090400111005',	'thorikadip@student.ub.ac.id',	'Thorika Dwi Indah Putri',	1,	'2025-08-09 19:27:46',	'2025-08-09 19:27:46'),
('195090400111006',	'chaimin@student.ub.ac.id',	'Muhaimin Ilyas',	1,	'2025-08-09 19:27:46',	'2025-08-09 19:27:46'),
('195090400111007',	'adlidjulikram@student.ub.ac.id',	'Adli Djul Ikram',	1,	'2025-08-09 19:27:46',	'2025-08-09 19:27:46'),
('195090400111008',	'arlenegrace@student.ub.ac.id',	'Ari Dwicahya Maulidi',	1,	'2025-08-09 19:27:46',	'2025-08-09 19:27:46'),
('195090400111009',	'aidhanurfaiza@student.ub.ac.id',	'NUR FAIZA ASSUAIDAH',	1,	'2025-08-09 19:27:46',	'2025-08-09 19:27:46'),
('195090400111010',	'fawazadi13@student.ub.ac.id',	'FAWAZ ADIWIDYA',	1,	'2025-08-09 19:27:46',	'2025-08-09 19:27:46'),
('195090400111012',	'nilaamilatus@student.ub.ac.id',	'Nila Amilatus Solikha',	1,	'2025-08-09 19:27:46',	'2025-08-09 19:27:46'),
('195090400111013',	'bismillah19@student.ub.ac.id',	'MUHAMMAD RIDHO\'I',	1,	'2025-08-09 19:27:46',	'2025-08-09 19:27:46'),
('195090400111015',	'addiniyah_na@student.ub.ac.id',	'Addiniyah Nur \'Aini',	1,	'2025-08-09 19:27:46',	'2025-08-09 19:27:46'),
('195090400111017',	'rani_um27@student.ub.ac.id',	'Rani Ulfi Maulida',	1,	'2025-08-09 19:27:46',	'2025-08-09 19:27:46'),
('195090400111018',	'muhammadivan@student.ub.ac.id',	'Muhammad Ivan',	1,	'2025-08-09 19:27:46',	'2025-08-09 19:27:46'),
('195090400111019',	'mispaindah04@student.ub.ac.id',	'MISPA INDAH BR SITEPU',	1,	'2025-08-09 19:27:46',	'2025-08-09 19:27:46'),
('195090400111020',	'zusnatamirotul@student.ub.ac.id',	'Zusna Ta\'mirotul Agustina',	1,	'2025-08-09 19:27:46',	'2025-08-09 19:27:46'),
('195090400111021',	'zalfacamillar@student.ub.ac.id',	'Zalfa Camilla Rohman',	1,	'2025-08-09 19:27:46',	'2025-08-09 19:27:46'),
('195090400111022',	'yassicamegawati@student.ub.ac.id',	'Yassica Megawati Vinkarisma',	1,	'2025-08-09 19:27:46',	'2025-08-09 19:27:46'),
('195090400111023',	'asyiaias@student.ub.ac.id',	'Asyia Ivah Avila Sain',	1,	'2025-08-09 19:27:46',	'2025-08-09 19:27:46'),
('195090400111024',	'emiliaa@student.ub.ac.id',	'EMILIA AINUL UYUN',	1,	'2025-08-09 19:27:46',	'2025-08-09 19:27:46'),
('195090400111025',	'syihabuddin@student.ub.ac.id',	'Syihabuddin',	1,	'2025-08-09 19:27:46',	'2025-08-09 19:27:46'),
('195090400111026',	'rizkyaziz@student.ub.ac.id',	'Rizky Aziz Syaifudin',	1,	'2025-08-09 19:27:46',	'2025-08-09 19:27:46'),
('195090400111027',	'lukito@student.ub.ac.id',	'Lukito Awang Nugroho',	1,	'2025-08-09 19:27:46',	'2025-08-09 19:27:46'),
('195090400111028',	'nicholas21@student.ub.ac.id',	'Nicholas Matthew William',	1,	'2025-08-09 19:27:46',	'2025-08-09 19:27:46'),
('195090400111030',	'muhammadluthfi@student.ub.ac.id',	'Muhammad Luthfi',	1,	'2025-08-09 19:27:46',	'2025-08-09 19:27:46'),
('195090400111031',	'dianansptri@student.ub.ac.id',	'Dian Anisa Putri',	1,	'2025-08-09 19:27:46',	'2025-08-09 19:27:46'),
('195090400111032',	'yemimasipayung@student.ub.ac.id',	'Yemima Sipayung',	1,	'2025-08-09 19:27:46',	'2025-08-09 19:27:46'),
('195090400111033',	'leonyhx1@student.ub.ac.id',	'LEONY AULIA PUTRI',	1,	'2025-08-09 19:27:46',	'2025-08-09 19:27:46'),
('195090400111034',	'herlinaayuu@student.ub.ac.id',	'Herlina Ayu Pratama',	1,	'2025-08-09 19:27:46',	'2025-08-09 19:27:46'),
('195090400111035',	'lusianaseptiani@student.ub.ac.id',	'Lusiana Septiani',	1,	'2025-08-09 19:27:46',	'2025-08-09 19:27:46'),
('195090400111036',	'nancyaayu@student.ub.ac.id',	'Nancya Ayu Pratmaning Putri',	1,	'2025-08-09 19:27:46',	'2025-08-09 19:27:46'),
('195090400111037',	'kevinalexander@student.ub.ac.id',	'Kevin Alexander Santoso Njotodiarjo',	1,	'2025-08-09 19:27:46',	'2025-08-09 19:27:46'),
('195090400111038',	'yericooktaviano@student.ub.ac.id',	'Yerico Oktaviano',	1,	'2025-08-09 19:27:46',	'2025-08-09 19:27:46'),
('195090400111039',	'setyorenaldi_27@student.ub.ac.id',	'SETYO RENALDI KARTONO',	1,	'2025-08-09 19:27:46',	'2025-08-09 19:27:46'),
('195090400111040',	'abddzaky130601@student.ub.ac.id',	'Abdurrahman Dzaky',	1,	'2025-08-09 19:27:46',	'2025-08-09 19:27:46'),
('195090400111041',	'monicanur@student.ub.ac.id',	'Monica Nurdianta Panut',	1,	'2025-08-09 19:27:46',	'2025-08-09 19:27:46'),
('195090400111043',	'bernadetawindhi@student.ub.ac.id',	'Bernadeta Windhi Ekandari',	1,	'2025-08-09 19:27:46',	'2025-08-09 19:27:46'),
('195090400111045',	'linnareshwari@student.ub.ac.id',	'Lintang Nareshwari Aji',	1,	'2025-08-09 19:27:46',	'2025-08-09 19:27:46'),
('195090400111046',	'ariyantierika@student.ub.ac.id',	'Ariyanti Erika Cahyani',	1,	'2025-08-09 19:27:46',	'2025-08-09 19:27:46'),
('195090400111047',	'jihantfn@student.ub.ac.id',	'Jihan Isni Uma Tiffani',	1,	'2025-08-09 19:27:46',	'2025-08-09 19:27:46'),
('195090400111048',	'asyifaoctavia@student.ub.ac.id',	'Asyifa Dewi Octavia',	1,	'2025-08-09 19:27:46',	'2025-08-09 19:27:46'),
('195090400111049',	'friska_azizatul@student.ub.ac.id',	'FRISKA AZIZATUL MASFUAH',	1,	'2025-08-09 19:27:46',	'2025-08-09 19:27:46'),
('195090400111050',	'salsabilahputri@student.ub.ac.id',	'SALSABILAH PUTRI HANIFAH',	1,	'2025-08-09 19:27:46',	'2025-08-09 19:27:46'),
('195090400111052',	'aryodaas@student.ub.ac.id',	'Ula Aryoda Ahadun Siam',	1,	'2025-08-09 19:27:46',	'2025-08-09 19:27:46'),
('195090400111053',	'sri_ayunisa@student.ub.ac.id',	'Sri Ayunisa Muslimah',	1,	'2025-08-09 19:27:46',	'2025-08-09 19:27:46'),
('195090400111054',	'nadiaqnta@student.ub.ac.id',	'Nadia Qonita',	1,	'2025-08-09 19:27:46',	'2025-08-09 19:27:46'),
('195090400111055',	'angelwijaya06@student.ub.ac.id',	'Angel Wijaya',	1,	'2025-08-09 19:27:46',	'2025-08-09 19:27:46'),
('195090400111056',	'febiolaazh@student.ub.ac.id',	'Febiola A\'azizah Hensari',	1,	'2025-08-09 19:27:46',	'2025-08-09 19:27:46'),
('195090400111058',	'najmisilmi@student.ub.ac.id',	'Najmi Silmi Mafaza',	1,	'2025-08-09 19:27:46',	'2025-08-09 19:27:46'),
('195090400111059',	'farahverawati@student.ub.ac.id',	'Farah Verawati',	1,	'2025-08-09 19:27:46',	'2025-08-09 19:27:46'),
('195090400111060',	'anisadinasty@student.ub.ac.id',	'Anisa Dinasty Oktafia',	1,	'2025-08-09 19:27:46',	'2025-08-09 19:27:46'),
('195090400111062',	'dzakytamir@student.ub.ac.id',	'Dzaky Tamir',	1,	'2025-08-09 19:27:46',	'2025-08-09 19:27:46'),
('195090400111065',	'sabri6@student.ub.ac.id',	'Sabri Fu`Adi',	1,	'2025-08-09 19:27:46',	'2025-08-09 19:27:46'),
('195090400111067',	'muhammadshadqi@student.ub.ac.id',	'Muhammad Shadqi Aly Majid Nafis',	1,	'2025-08-09 19:27:46',	'2025-08-09 19:27:46'),
('195090400111068',	'ewaldody@student.ub.ac.id',	'EWALDO DWI YULESTA',	1,	'2025-08-09 19:27:46',	'2025-08-09 19:27:46'),
('195090400111069',	'guntyyrrrr@student.ub.ac.id',	'Guntur Ramadhan',	1,	'2025-08-09 19:27:46',	'2025-08-09 19:27:46'),
('195090400111071',	'rekhadabukke_@student.ub.ac.id',	'Rekha Hissa Dabukke',	1,	'2025-08-09 19:27:46',	'2025-08-09 19:27:46'),
('195090400111072',	'mhmmdirvna@student.ub.ac.id',	'MUHAMMAD IRFAN ALIF',	1,	'2025-08-09 19:27:46',	'2025-08-09 19:27:46'),
('195090400111073',	'shekiinahglory@student.ub.ac.id',	'Shekinah Glory Tambunan',	1,	'2025-08-09 19:27:46',	'2025-08-09 19:27:46'),
('195090400111074',	'belamadhani@student.ub.ac.id',	'Bela Madhani',	1,	'2025-08-09 19:27:46',	'2025-08-09 19:27:46'),
('195090401111001',	'kharismaekas@student.ub.ac.id',	'Kharisma Eka Shofyana',	1,	'2025-08-09 19:27:46',	'2025-08-09 19:27:46'),
('195090401111002',	'rizkybarkah@student.ub.ac.id',	'Muhammad Rizky Barkah',	1,	'2025-08-09 19:27:46',	'2025-08-09 19:27:46'),
('195090401111003',	'winiaekaasnaalf@student.ub.ac.id',	'Winia Eka Asna Al-Farayda',	1,	'2025-08-09 19:27:46',	'2025-08-09 19:27:46'),
('195090401111005',	'muhammadabi@student.ub.ac.id',	'Muhammad Abi Nugraha',	1,	'2025-08-09 19:27:46',	'2025-08-09 19:27:46'),
('195090401111006',	'adthchndra@student.ub.ac.id',	'Adith Chandra Permana',	1,	'2025-08-09 19:27:46',	'2025-08-09 19:27:46'),
('195090401111007',	'nina.nhd@student.ub.ac.id',	'Nina Nur Huda',	1,	'2025-08-09 19:27:46',	'2025-08-09 19:27:46'),
('195090401111008',	'ludia_jr@student.ub.ac.id',	'Ludia Juni Rahayu',	1,	'2025-08-09 19:27:46',	'2025-08-09 19:27:46'),
('195090401111009',	'nurulhanim@student.ub.ac.id',	'Nurul Hanim Mawati',	1,	'2025-08-09 19:27:46',	'2025-08-09 19:27:46'),
('195090401111010',	'dyahayus@student.ub.ac.id',	'Dyah Ayu Savitri',	1,	'2025-08-09 19:27:46',	'2025-08-09 19:27:46'),
('195090401111012',	'yuli_kartika@student.ub.ac.id',	'Yuli Kartika',	1,	'2025-08-09 19:27:46',	'2025-08-09 19:27:46'),
('195090401111013',	'febymahzumatin@student.ub.ac.id',	'Feby Mahzumatin',	1,	'2025-08-09 19:27:46',	'2025-08-09 19:27:46'),
('195090401111014',	'nailafarahdiba@student.ub.ac.id',	'Naila Farah Diba',	1,	'2025-08-09 19:27:46',	'2025-08-09 19:27:46'),
('195090401111015',	'renaldy_kt@student.ub.ac.id',	'Renaldy Kenan Tolayuk',	1,	'2025-08-09 19:27:46',	'2025-08-09 19:27:46'),
('195090401111016',	'ayuarieffa@student.ub.ac.id',	'Ayu Ariefa Maulida',	1,	'2025-08-09 19:27:46',	'2025-08-09 19:27:46'),
('195090401111017',	'anastasiafebri@student.ub.ac.id',	'Anastasia Febriana Baskoro',	1,	'2025-08-09 19:27:46',	'2025-08-09 19:27:46'),
('195090401111018',	'nadinemly27@student.ub.ac.id',	'Nadine Mulya Lezani',	1,	'2025-08-09 19:27:46',	'2025-08-09 19:27:46'),
('195090401111019',	'novida_16@student.ub.ac.id',	'Novida Ria Andini',	1,	'2025-08-09 19:27:46',	'2025-08-09 19:27:46'),
('195090401111020',	'meilylaap@student.ub.ac.id',	'Meilyla Ardiani Pratiwi',	1,	'2025-08-09 19:27:46',	'2025-08-09 19:27:46'),
('195090401111021',	'arifhakim17@student.ub.ac.id',	'Arif Rahman Hakim',	1,	'2025-08-09 19:27:46',	'2025-08-09 19:27:46'),
('195090401111022',	'kaniaaqila@student.ub.ac.id',	'Kania Aqila Nurdiananty',	1,	'2025-08-09 19:27:46',	'2025-08-09 19:27:46'),
('195090401111023',	'evaoktania@student.ub.ac.id',	'Eva Oktania',	1,	'2025-08-09 19:27:46',	'2025-08-09 19:27:46'),
('195090401111024',	'nalwanfachry@student.ub.ac.id',	'Naufal Alwan Fachry',	1,	'2025-08-09 19:27:46',	'2025-08-09 19:27:46'),
('195090401111025',	'alfinarizkin@student.ub.ac.id',	'Alfina Rizki Nurjanah',	1,	'2025-08-09 19:27:46',	'2025-08-09 19:27:46'),
('195090401111026',	'tegarlintang16@student.ub.ac.id',	'Tegar Lintang Wahyu Samudra',	1,	'2025-08-09 19:27:46',	'2025-08-09 19:27:46'),
('195090401111027',	'onikfeda@student.ub.ac.id',	'Onik Febria Damayanti',	1,	'2025-08-09 19:27:46',	'2025-08-09 19:27:46'),
('195090401111028',	'nurizalaila17@student.ub.ac.id',	'Nuriza Laila',	1,	'2025-08-09 19:27:46',	'2025-08-09 19:27:46'),
('195090401111029',	'annisasyariefa@student.ub.ac.id',	'Annisa Syariefatuzzahra Widianingrum',	1,	'2025-08-09 19:27:46',	'2025-08-09 19:27:46'),
('195090401111030',	'fivrimeida@student.ub.ac.id',	'Meida Fivri Liliana',	1,	'2025-08-09 19:27:46',	'2025-08-09 19:27:46'),
('195090401111031',	'hanarizkiar@student.ub.ac.id',	'Hana Rizkia Ramadhani',	1,	'2025-08-09 19:27:46',	'2025-08-09 19:27:46'),
('195090401111032',	'itisholekha03@student.ub.ac.id',	'Siti Sholekha',	1,	'2025-08-09 19:27:46',	'2025-08-09 19:27:46'),
('195090401111033',	'uluksyamz@student.ub.ac.id',	'Siti Luluk Syamsiyah',	1,	'2025-08-09 19:27:46',	'2025-08-09 19:27:46'),
('195090401111034',	'priskarani45@student.ub.ac.id',	'Priska Rani Wahyohana',	1,	'2025-08-09 19:27:46',	'2025-08-09 19:27:46'),
('195090401111035',	'salmaalbaraqah@student.ub.ac.id',	'Salma Al Baraqah',	1,	'2025-08-09 19:27:46',	'2025-08-09 19:27:46'),
('195090401111036',	'riskakumalasari@student.ub.ac.id',	'Riska Kumala Sari',	1,	'2025-08-09 19:27:46',	'2025-08-09 19:27:46'),
('195090401111037',	'annisamap823@student.ub.ac.id',	'Annisa Maharani Arya Putri',	1,	'2025-08-09 19:27:46',	'2025-08-09 19:27:46'),
('195090401111038',	'putra_pradeva23@student.ub.ac.id',	'Putra Pradeva Ladisa',	1,	'2025-08-09 19:27:46',	'2025-08-09 19:27:46'),
('195090401111039',	'jessyatika01@student.ub.ac.id',	'Jessy Atika',	1,	'2025-08-09 19:27:46',	'2025-08-09 19:27:46'),
('195090401111040',	'niand_sw@student.ub.ac.id',	'Niandra Sukmawati',	1,	'2025-08-09 19:27:46',	'2025-08-09 19:27:46'),
('195090401111041',	'indahcahyani@student.ub.ac.id',	'Ni Kadek Indah Cahyani',	1,	'2025-08-09 19:27:46',	'2025-08-09 19:27:46'),
('195090401111042',	'selvynurfauziah@student.ub.ac.id',	'Selvy Nur Fauziah',	1,	'2025-08-09 19:27:46',	'2025-08-09 19:27:46'),
('195090401111043',	'prescillia@student.ub.ac.id',	'Prescillia Septianing Ayu',	1,	'2025-08-09 19:27:46',	'2025-08-09 19:27:46'),
('195090401111045',	'agistyaeka@student.ub.ac.id',	'Agistya Eka Laylia',	1,	'2025-08-09 19:27:46',	'2025-08-09 19:27:46'),
('195090401111046',	'rahmaliaft@student.ub.ac.id',	'Rahmalia Firdausi Tamara',	1,	'2025-08-09 19:27:46',	'2025-08-09 19:27:46'),
('195090401111047',	'nabilallia@student.ub.ac.id',	'Nabila Putri Allia',	1,	'2025-08-09 19:27:46',	'2025-08-09 19:27:46'),
('195090401111048',	'cicimaulidap@student.ub.ac.id',	'Cici Maulida Putri',	1,	'2025-08-09 19:27:46',	'2025-08-09 19:27:46'),
('195090401111049',	'nadiagush17@student.ub.ac.id',	'Nadia Agus Hadinata',	1,	'2025-08-09 19:27:46',	'2025-08-09 19:27:46'),
('195090401111050',	'dindamaulida@student.ub.ac.id',	'Dinda Maulida',	1,	'2025-08-09 19:27:46',	'2025-08-09 19:27:46'),
('195090401111053',	'rioaritonang11@student.ub.ac.id',	'Rio Martua Sumurung Aritonang',	1,	'2025-08-09 19:27:46',	'2025-08-09 19:27:46'),
('195090401111054',	'zulfatiechaira@student.ub.ac.id',	'Zulfatie Chaira',	1,	'2025-08-09 19:27:46',	'2025-08-09 19:27:46'),
('195090401111055',	'salsabilafirda@student.ub.ac.id',	'Salsabila Firdausil Bashor',	1,	'2025-08-09 19:27:46',	'2025-08-09 19:27:46'),
('195090401111056',	'bryanlianoo12@student.ub.ac.id',	'Bryan Liano',	1,	'2025-08-09 19:27:46',	'2025-08-09 19:27:46'),
('195090401111057',	'finaseptina@student.ub.ac.id',	'Fina Septina Selviana',	1,	'2025-08-09 19:27:46',	'2025-08-09 19:27:46'),
('195090401111058',	'alifirmeliana@student.ub.ac.id',	'Alifira Meliana Rachman',	1,	'2025-08-09 19:27:46',	'2025-08-09 19:27:46'),
('195090401111059',	'bernardinus@student.ub.ac.id',	'Bernardinus Hardinasetyo Miyosigiwangkoro',	1,	'2025-08-09 19:27:46',	'2025-08-09 19:27:46'),
('195090407111001',	'azaralftlh_@student.ub.ac.id',	'Azar Alifatullah',	1,	'2025-08-09 19:27:46',	'2025-08-09 19:27:46'),
('195090407111002',	'shintaocin@student.ub.ac.id',	'Septiana Shinta Dewi',	1,	'2025-08-09 19:27:46',	'2025-08-09 19:27:46'),
('195090407111003',	'd_arinda@student.ub.ac.id',	'PUTRI AYUNI DWI ARINDA',	1,	'2025-08-09 19:27:46',	'2025-08-09 19:27:46'),
('195090407111004',	'amalianurachmi@student.ub.ac.id',	'Amalia Rizki Nurachmi',	1,	'2025-08-09 19:27:46',	'2025-08-09 19:27:46'),
('195090407111006',	'zildaurelia_@student.ub.ac.id',	'Zilda Aurelia Ariyanto',	1,	'2025-08-09 19:27:46',	'2025-08-09 19:27:46'),
('195090407111007',	'nerissa_3051@student.ub.ac.id',	'Nerissa Arviana',	1,	'2025-08-09 19:27:46',	'2025-08-09 19:27:46'),
('195090407111008',	'ruthdamayanti@student.ub.ac.id',	'Ruth Damayanti A Sirait',	1,	'2025-08-09 19:27:46',	'2025-08-09 19:27:46'),
('195090407111009',	'annesrossa@student.ub.ac.id',	'SEPTIANES ANGGRELYA ROSA',	1,	'2025-08-09 19:27:46',	'2025-08-09 19:27:46'),
('195090407111010',	'iqbalfadia_rahm@student.ub.ac.id',	'Iqbal Fadia Rahman',	1,	'2025-08-09 19:27:46',	'2025-08-09 19:27:46'),
('195090407111011',	'andininuzulil16@student.ub.ac.id',	'ANDINI NUZULIL PUTRI EMILIA CIPTA',	1,	'2025-08-09 19:27:46',	'2025-08-09 19:27:46'),
('195090407111012',	'atsalsyanahkri@student.ub.ac.id',	'Andi Atsal Syanahkri',	1,	'2025-08-09 19:27:46',	'2025-08-09 19:27:46'),
('195090407111015',	'tasyahardiyanti@student.ub.ac.id',	'Tasya Hardiyanti H.',	1,	'2025-08-09 19:27:46',	'2025-08-09 19:27:46'),
('195090407111018',	'shelbysarthaub@student.ub.ac.id',	'Shelby sasana artha',	1,	'2025-08-09 19:27:46',	'2025-08-09 19:27:46'),
('195090407111019',	'kennard@student.ub.ac.id',	'Kennard Soehanto Prasetyo',	1,	'2025-08-09 19:27:46',	'2025-08-09 19:27:46'),
('195090407111020',	'bilqisluthfia@student.ub.ac.id',	'Bilqis Luthfia Hakim',	1,	'2025-08-09 19:27:46',	'2025-08-09 19:27:46'),
('195090407111021',	'ibgotama17@student.ub.ac.id',	'Ida Bagus Gede Gotama Widyatmika',	1,	'2025-08-09 19:27:46',	'2025-08-09 19:27:46'),
('195090407111022',	'devinthafr@student.ub.ac.id',	'DEVINTHA FARAHDILA RAMADHANI',	1,	'2025-08-09 19:27:46',	'2025-08-09 19:27:46'),
('195090407111023',	'lumintang@student.ub.ac.id',	'Dimas Ari Lumintang',	1,	'2025-08-09 19:27:46',	'2025-08-09 19:27:46'),
('195090407111024',	'oscar_gabriel@student.ub.ac.id',	'Oscar Gabriel',	1,	'2025-08-09 19:27:46',	'2025-08-09 19:27:46'),
('195090407111025',	'shahnaznaila@student.ub.ac.id',	'Shahnaz Naila Shabrina Alfin',	1,	'2025-08-09 19:27:46',	'2025-08-09 19:27:46'),
('195090407111026',	'gurning19@student.ub.ac.id',	'Granisto Saint Gurning',	1,	'2025-08-09 19:27:46',	'2025-08-09 19:27:46'),
('195090407111028',	'ghaisanr_@student.ub.ac.id',	'Ghaisan Rabbani',	1,	'2025-08-09 19:27:46',	'2025-08-09 19:27:46'),
('195090407111029',	'gugungugun1125@student.ub.ac.id',	'Wiguna Tri Utama',	1,	'2025-08-09 19:27:46',	'2025-08-09 19:27:46'),
('195090407111030',	'raditerags@student.ub.ac.id',	'Raditera Sianipar',	1,	'2025-08-09 19:27:46',	'2025-08-09 19:27:46'),
('195090407111031',	'anashabib8345@student.ub.ac.id',	'ANAS HABIB RIFQI',	1,	'2025-08-09 19:27:46',	'2025-08-09 19:27:46'),
('195090407111033',	'faisaljafar@student.ub.ac.id',	'FAISAL JAFAR FATHONI',	1,	'2025-08-09 19:27:46',	'2025-08-09 19:27:46'),
('195090407111034',	'vascosamudera16@student.ub.ac.id',	'Admiral Vasco Samudera',	1,	'2025-08-09 19:27:46',	'2025-08-09 19:27:46'),
('195090407111035',	'noviasherliana@student.ub.ac.id',	'NOVIA SHERLIANA PUTRI',	1,	'2025-08-09 19:27:46',	'2025-08-09 19:27:46'),
('195090407111036',	'talhazulfakhri@student.ub.ac.id',	'Talha Zulfakhri Fansuri',	1,	'2025-08-09 19:27:46',	'2025-08-09 19:27:46'),
('195090407111037',	'goodsykristien_@student.ub.ac.id',	'GOODSY KRISTIEN LAA',	1,	'2025-08-09 19:27:46',	'2025-08-09 19:27:46'),
('195090407111038',	'silmikaf_@student.ub.ac.id',	'Silmi Kaaffah',	1,	'2025-08-09 19:27:46',	'2025-08-09 19:27:46'),
('195090407111039',	'ainaair@student.ub.ac.id',	'Aina Ilmanaafia',	1,	'2025-08-09 19:27:46',	'2025-08-09 19:27:46'),
('195090407111040',	'nadearahmawati@student.ub.ac.id',	'Nadea Rahmawati',	1,	'2025-08-09 19:27:46',	'2025-08-09 19:27:46'),
('195090407111041',	'wahyudana34@student.ub.ac.id',	'wahyu dwi rama dana',	1,	'2025-08-09 19:27:46',	'2025-08-09 19:27:46'),
('195090407111043',	'rafidaalkatiri@student.ub.ac.id',	'Rafida',	1,	'2025-08-09 19:27:46',	'2025-08-09 19:27:46'),
('195090407111044',	'atalia@student.ub.ac.id',	'Natalia Mulyani',	1,	'2025-08-09 19:27:46',	'2025-08-09 19:27:46'),
('195090407111045',	'elvanatanael@student.ub.ac.id',	'Elvan Natanael',	1,	'2025-08-09 19:27:46',	'2025-08-09 19:27:46'),
('195090407111047',	'michellenvw@student.ub.ac.id',	'Michelle Natasha Vania Winarko',	1,	'2025-08-09 19:27:46',	'2025-08-09 19:27:46'),
('195090407111049',	'fadhils_am@student.ub.ac.id',	'Fadhil Sultan Al-Mubaraq',	1,	'2025-08-09 19:27:46',	'2025-08-09 19:27:46'),
('195090407111050',	'iqoh32@student.ub.ac.id',	'yassar ariqoh',	1,	'2025-08-09 19:27:46',	'2025-08-09 19:27:46'),
('195090407111051',	'bulukunu1@student.ub.ac.id',	'Aynul Yaqin',	1,	'2025-08-09 19:27:46',	'2025-08-09 19:27:46'),
('195090407111052',	'ifdailyaf@student.ub.ac.id',	'Ifda Ilya Fiddini',	1,	'2025-08-09 19:27:46',	'2025-08-09 19:27:46'),
('195090407111053',	'nisfullaili27@student.ub.ac.id',	'Nisful Laili Hidayati',	1,	'2025-08-09 19:27:46',	'2025-08-09 19:27:46'),
('195090420111001',	'inggit_12@student.ub.ac.id',	'Inggit Maharani',	1,	'2025-08-09 19:27:46',	'2025-08-09 19:27:46'),
('205090400111001',	'irarosita66@student.ub.ac.id',	'IRA ROSITA',	1,	'2025-08-09 19:27:46',	'2025-08-09 19:27:46'),
('205090400111012',	'arifebriansyah@student.ub.ac.id',	'ARI FEBRIANSYAH',	1,	'2025-08-09 19:27:46',	'2025-08-09 19:27:46'),
('205090400111020',	'arastiii78@student.ub.ac.id',	'ARA PRASASTI',	1,	'2025-08-09 19:27:46',	'2025-08-09 19:27:46'),
('205090400111021',	'danielpdptn@student.ub.ac.id',	'DANIEL PANDAPOTAN',	1,	'2025-08-09 19:27:46',	'2025-08-09 19:27:46'),
('205090400111025',	'rangkudhika19@student.ub.ac.id',	'RANGKU DHIKA ARI NUGROHO',	1,	'2025-08-09 19:27:46',	'2025-08-09 19:27:46'),
('205090400111026',	'salmavitaaps@student.ub.ac.id',	'SALMAVITA APSARINI',	1,	'2025-08-09 19:27:46',	'2025-08-09 19:27:46'),
('205090400111027',	'mhanifdz.mh@student.ub.ac.id',	'MUHAMMAD HANIF DZULFICAR',	1,	'2025-08-09 19:27:46',	'2025-08-09 19:27:46'),
('205090400111037',	'rossaelyza@student.ub.ac.id',	'ROSSA ELYZA OKTAVIANI WULANDARI',	1,	'2025-08-09 19:27:46',	'2025-08-09 19:27:46'),
('205090400111044',	'gofisaputra5@student.ub.ac.id',	'ADITYA GOFI SAPUTRA',	1,	'2025-08-09 19:27:46',	'2025-08-09 19:27:46'),
('205090400111052',	'evantfirdausw@student.ub.ac.id',	'EVANT FIRDAUS WAFIE',	1,	'2025-08-09 19:27:46',	'2025-08-09 19:27:46'),
('205090401111002',	'vivi_gusny@student.ub.ac.id',	'VIVI GUSNY ROMANDHA',	1,	'2025-08-09 19:27:46',	'2025-08-09 19:27:46'),
('205090401111005',	'amandafairuzn@student.ub.ac.id',	'AMANDA FAIRUZ NABILA',	1,	'2025-08-09 19:27:46',	'2025-08-09 19:27:46'),
('205090401111006',	'nafiahga_@student.ub.ac.id',	'NAFI`AH GHINAA ARISTAWATI',	1,	'2025-08-09 19:27:46',	'2025-08-09 19:27:46'),
('205090401111022',	'esti_nurhaliza@student.ub.ac.id',	'ESTI NURHALIZA',	1,	'2025-08-09 19:27:46',	'2025-08-09 19:27:46'),
('205090401111037',	'premagita@student.ub.ac.id',	'MADE PREMA GITA JAYANTI',	1,	'2025-08-09 19:27:46',	'2025-08-09 19:27:46'),
('205090407111001',	'choerunnicha@student.ub.ac.id',	'NOVIRA CHOERUNNISA',	1,	'2025-08-09 19:27:46',	'2025-08-09 19:27:46'),
('205090407111009',	'arinliya91@student.ub.ac.id',	'ARINA AMALIYA',	1,	'2025-08-09 19:27:46',	'2025-08-09 19:27:46'),
('205090407111016',	'salsabillazahra@student.ub.ac.id',	'ZAHRA SALSABILLA',	1,	'2025-08-09 19:27:46',	'2025-08-09 19:27:46'),
('205090407111027',	'rifkykustanto@student.ub.ac.id',	'MUHAMMAD RIFKI KUSTANTO',	1,	'2025-08-09 19:27:46',	'2025-08-09 19:27:46'),
('205090407111037',	'nathanaeljeshua@student.ub.ac.id',	'NATHANAEL JESHUA PAAT',	1,	'2025-08-09 19:27:46',	'2025-08-09 19:27:46'),
('205090407111042',	'carolineve@student.ub.ac.id',	'CAROLINE VETI KURNIASARI',	1,	'2025-08-09 19:27:46',	'2025-08-09 19:27:46'),
('205090407111043',	'fadilahk2206@student.ub.ac.id',	'FADILAH KUMALASARI NURUFAIROCH',	1,	'2025-08-09 19:27:46',	'2025-08-09 19:27:46'),
('205091000111005',	'theresaindira@student.ub.ac.id',	'THERESA INDIRA VANIADITA',	3,	'2025-08-09 19:27:46',	'2025-08-09 19:27:46'),
('205091000111006',	'sherenwijaya@student.ub.ac.id',	'SHEREN WIJAYA',	3,	'2025-08-09 19:27:46',	'2025-08-09 19:27:46'),
('205091000111015',	'patrecia2001@student.ub.ac.id',	'ANGELINA PATRICIA SONDAKH SIMBOLON',	3,	'2025-08-09 19:27:46',	'2025-08-09 19:27:46'),
('205091000111020',	'sandradevina@student.ub.ac.id',	'THESSALONIKA SANDRA DEVINA NISHI',	3,	'2025-08-09 19:27:46',	'2025-08-09 19:27:46'),
('205091000111027',	'vrdllchndr@student.ub.ac.id',	'VERDILLA CHANDRA PRASETYA',	3,	'2025-08-09 19:27:46',	'2025-08-09 19:27:46'),
('205091000111028',	'rifdahsalsabila@student.ub.ac.id',	'RIFDAH DESTI SALSABILA',	3,	'2025-08-09 19:27:46',	'2025-08-09 19:27:46'),
('205091000111035',	'ayuprdnya34@student.ub.ac.id',	'ANAK AGUNG AYU PRADNYA DEWI HARI WIJAYA',	3,	'2025-08-09 19:27:46',	'2025-08-09 19:27:46'),
('205091001111001',	'imanurfirda_@student.ub.ac.id',	'IMA NUR FIRDA ALMA`IDA',	3,	'2025-08-09 19:27:46',	'2025-08-09 19:27:46'),
('205091001111003',	'athayaputrir@student.ub.ac.id',	'ATHAYA PUTRI RAHMADANTI',	3,	'2025-08-09 19:27:46',	'2025-08-09 19:27:46'),
('205091001111004',	'mteguhprayoga@student.ub.ac.id',	'MUHAMMAD TEGUH PRAYOGA',	3,	'2025-08-09 19:27:46',	'2025-08-09 19:27:46'),
('205091001111005',	'jauharrobbani1@student.ub.ac.id',	'JAUHAR ROBBANI',	3,	'2025-08-09 19:27:46',	'2025-08-09 19:27:46'),
('205091001111006',	'najwatheta@student.ub.ac.id',	'NAJWA THETA TRESADANI',	3,	'2025-08-09 19:27:46',	'2025-08-09 19:27:46'),
('205091001111007',	'kusumadewi@student.ub.ac.id',	'PRIASTUTI KUSUMA DEWI',	3,	'2025-08-09 19:27:46',	'2025-08-09 19:27:46'),
('205091001111008',	'shafa_azz@student.ub.ac.id',	'SHAFA AZ-ZAHRA',	3,	'2025-08-09 19:27:46',	'2025-08-09 19:27:46'),
('205091001111009',	'riniantika_@student.ub.ac.id',	'RINI ANTIKA',	3,	'2025-08-09 19:27:46',	'2025-08-09 19:27:46'),
('205091001111010',	'ameliadewp15@student.ub.ac.id',	'AMELIA DEWITA PUTRI',	3,	'2025-08-09 19:27:46',	'2025-08-09 19:27:46'),
('205091001111011',	'mwildanm@student.ub.ac.id',	'MUHAMMAD WILDAN MAULANA',	3,	'2025-08-09 19:27:46',	'2025-08-09 19:27:46'),
('205091001111012',	'kanianinda@student.ub.ac.id',	'KANIA ANINDA RAMADHANTY',	3,	'2025-08-09 19:27:46',	'2025-08-09 19:27:46'),
('205091001111013',	'hhehevheva@student.ub.ac.id',	'SHEVA SASANKA DOAN RAMADHAN',	3,	'2025-08-09 19:27:46',	'2025-08-09 19:27:46'),
('205091001111014',	'annisawinasfi@student.ub.ac.id',	'ANNISA WINASFI',	3,	'2025-08-09 19:27:46',	'2025-08-09 19:27:46'),
('205091001111015',	'aryrustiani@student.ub.ac.id',	'LUH ARY RUSTIANI',	3,	'2025-08-09 19:27:46',	'2025-08-09 19:27:46'),
('205091001111016',	'sadamlaksamana@student.ub.ac.id',	'SADAM LAKSAMANA SUKARNO',	3,	'2025-08-09 19:27:46',	'2025-08-09 19:27:46'),
('205091001111017',	'farraswr@student.ub.ac.id',	'FARRAS WAHYU ROIHANA',	3,	'2025-08-09 19:27:46',	'2025-08-09 19:27:46'),
('205091001111018',	'nadazahira@student.ub.ac.id',	'NADA ZAHIRA',	3,	'2025-08-09 19:27:46',	'2025-08-09 19:27:46'),
('205091001111019',	'abdulfathur17@student.ub.ac.id',	'ABDUL FATHUR AL-LATIF',	3,	'2025-08-09 19:27:46',	'2025-08-09 19:27:46'),
('205091001111020',	'henry_immanuel@student.ub.ac.id',	'HENRY IMMANUEL SIHOMBING',	3,	'2025-08-09 19:27:46',	'2025-08-09 19:27:46'),
('205091001111021',	'hikmal0218@student.ub.ac.id',	'HIKMAL ZIKRI',	3,	'2025-08-09 19:27:46',	'2025-08-09 19:27:46'),
('205091001111022',	'dharmajayanti@student.ub.ac.id',	'LUH PUTU DHARMA JAYANTI',	3,	'2025-08-09 19:27:46',	'2025-08-09 19:27:46'),
('205091001111023',	'annakarenina@student.ub.ac.id',	'KRISTINOVA ANNA KARENINA',	3,	'2025-08-09 19:27:46',	'2025-08-09 19:27:46'),
('205091001111024',	'rafaelandkp@student.ub.ac.id',	'MUHAMMAD RAFAEL ANDIKA PUTRA',	3,	'2025-08-09 19:27:46',	'2025-08-09 19:27:46'),
('205091001111025',	'adhelyy@student.ub.ac.id',	'ADHELYYA CHORNETTA',	3,	'2025-08-09 19:27:46',	'2025-08-09 19:27:46'),
('205091001111026',	'librinars@student.ub.ac.id',	'LIBRINA ROSARIO BR. SINULINGGA',	3,	'2025-08-09 19:27:46',	'2025-08-09 19:27:46'),
('205091007111020',	'fararamadhania@student.ub.ac.id',	'FAIRUZ RAMADHANIA ARIFFIN',	3,	'2025-08-09 19:27:46',	'2025-08-09 19:27:46'),
('215090400111001',	'anisadzafifah23@student.ub.ac.id',	'Anisah Dzakiyyah Afifah',	1,	'2025-08-09 19:27:46',	'2025-08-09 19:27:46'),
('215090400111002',	'rafidahrasyid@student.ub.ac.id',	'RAFIDAH RASYID',	1,	'2025-08-09 19:27:46',	'2025-08-09 19:27:46'),
('215090400111004',	'fahmihussain@student.ub.ac.id',	'Muhammad Fahmi Hussain',	1,	'2025-08-09 19:27:46',	'2025-08-09 19:27:46'),
('215090400111005',	'rannyrsln@student.ub.ac.id',	'RANNY ROSALINA NUGRAHA',	1,	'2025-08-09 19:27:46',	'2025-08-09 19:27:46'),
('215090400111007',	'yashintand@student.ub.ac.id',	'Yashinta Novena Dewanti',	1,	'2025-08-09 19:27:46',	'2025-08-09 19:27:46'),
('215090400111008',	'tri_fitriyatul@student.ub.ac.id',	'Tri Fitriyatul Fajriyah',	1,	'2025-08-09 19:27:46',	'2025-08-09 19:27:46'),
('215090400111009',	'abdillahfatwa@student.ub.ac.id',	'ABDILLAH FATWA SHANDY MAHARDIKA',	1,	'2025-08-09 19:27:46',	'2025-08-09 19:27:46'),
('215090400111010',	'levilatifah@student.ub.ac.id',	'LEVI LATIFAH',	1,	'2025-08-09 19:27:46',	'2025-08-09 19:27:46'),
('215090400111011',	'michaeledric@student.ub.ac.id',	'Michael Edric Andrian CHAN',	1,	'2025-08-09 19:27:46',	'2025-08-09 19:27:46'),
('215090400111012',	'danielsetya18@student.ub.ac.id',	'DANIEL SETYA WARDHANA',	1,	'2025-08-09 19:27:46',	'2025-08-09 19:27:46'),
('215090400111013',	'royanisalma@student.ub.ac.id',	'CHOIRUNNISAK ROYANI SALMA',	1,	'2025-08-09 19:27:46',	'2025-08-09 19:27:46'),
('215090400111014',	'siti_nurhaliza@student.ub.ac.id',	'Siti Nurhaliza',	1,	'2025-08-09 19:27:46',	'2025-08-09 19:27:46'),
('215090400111015',	'germanmindos22@student.ub.ac.id',	'German Mindo Simarmata',	1,	'2025-08-09 19:27:46',	'2025-08-09 19:27:46'),
('215090400111016',	'ifanfadilah0804@student.ub.ac.id',	'Ifan Fadilah',	1,	'2025-08-09 19:27:46',	'2025-08-09 19:27:46'),
('215090400111018',	'jemmyfebryan@student.ub.ac.id',	'Jemmy Febryan',	1,	'2025-08-09 19:27:46',	'2025-08-09 19:27:46'),
('215090400111019',	'divaadzani@student.ub.ac.id',	'DIVA AULIA ADZANI',	1,	'2025-08-09 19:27:46',	'2025-08-09 19:27:46'),
('215090400111020',	'ivandanendra13@student.ub.ac.id',	'Ivan Danendra Ramadhani',	1,	'2025-08-09 19:27:46',	'2025-08-09 19:27:46'),
('215090400111021',	'khofifahrani@student.ub.ac.id',	'Khofifah Fajrani',	1,	'2025-08-09 19:27:46',	'2025-08-09 19:27:46'),
('215090400111024',	'indahgustianti@student.ub.ac.id',	'INDAH GUSTIANTI',	1,	'2025-08-09 19:27:46',	'2025-08-09 19:27:46'),
('215090400111025',	'mmuthinuritzan@student.ub.ac.id',	'MUHAMMAD MUTHI NURITZAN',	1,	'2025-08-09 19:27:46',	'2025-08-09 19:27:46'),
('215090400111026',	'iniarief10@student.ub.ac.id',	'ARIEF RACHMAN HAKIM',	1,	'2025-08-09 19:27:46',	'2025-08-09 19:27:46'),
('215090400111027',	'norhapiah@student.ub.ac.id',	'Norhapiah',	1,	'2025-08-09 19:27:46',	'2025-08-09 19:27:46'),
('215090400111028',	'annidaputi@student.ub.ac.id',	'ANNIDA FAIZA PUTI',	1,	'2025-08-09 19:27:46',	'2025-08-09 19:27:46'),
('215090400111031',	'desaldriansyah@student.ub.ac.id',	'Des Aldriansyah',	1,	'2025-08-09 19:27:46',	'2025-08-09 19:27:46'),
('215090400111032',	'naufalreza13@student.ub.ac.id',	'M. NAUFAL REZA ZULKARNAEN',	1,	'2025-08-09 19:27:46',	'2025-08-09 19:27:46'),
('215090400111033',	'jarthatambunan@student.ub.ac.id',	'Juni Artha Tambunan',	1,	'2025-08-09 19:27:46',	'2025-08-09 19:27:46'),
('215090400111035',	'rafiramadhan80@student.ub.ac.id',	'RAFI RAMADHAN',	1,	'2025-08-09 19:27:46',	'2025-08-09 19:27:46'),
('215090400111036',	'theresiaagatha@student.ub.ac.id',	'THERESIA AGATHA TRIXIE',	1,	'2025-08-09 19:27:46',	'2025-08-09 19:27:46'),
('215090400111037',	'ulrikeebns@student.ub.ac.id',	'Ulrike Blume Nabasa',	1,	'2025-08-09 19:27:46',	'2025-08-09 19:27:46'),
('215090400111038',	'adieljuntak7@student.ub.ac.id',	'Adiel Pahotma Simanjuntak',	1,	'2025-08-09 19:27:46',	'2025-08-09 19:27:46'),
('215090400111039',	'_faizal220802@student.ub.ac.id',	'Muhammad Faizal',	1,	'2025-08-09 19:27:46',	'2025-08-09 19:27:46'),
('215090400111041',	'restuegaac@student.ub.ac.id',	'Restu Ega Candraningtyas',	1,	'2025-08-09 19:27:46',	'2025-08-09 19:27:46'),
('215090400111042',	'anisahnurazizah@student.ub.ac.id',	'ANISAH NUR AZIZAH',	1,	'2025-08-09 19:27:46',	'2025-08-09 19:27:46'),
('215090400111043',	'jannatachavinsa@student.ub.ac.id',	'Jannata Chavinsa Prasma',	1,	'2025-08-09 19:27:46',	'2025-08-09 19:27:46'),
('215090400111044',	'dinadwisaputri@student.ub.ac.id',	'DINA DWI SAPUTRI',	1,	'2025-08-09 19:27:46',	'2025-08-09 19:27:46'),
('215090400111045',	'novianadr212@student.ub.ac.id',	'NOVIANA DWI RAHMADANI',	1,	'2025-08-09 19:27:46',	'2025-08-09 19:27:46'),
('215090400111046',	'helmaliasf@student.ub.ac.id',	'Helmalia Saiyidatul Fanesa',	1,	'2025-08-09 19:27:46',	'2025-08-09 19:27:46'),
('215090400111047',	'rendys777@student.ub.ac.id',	'MOH. RENDY SETIAWAN',	1,	'2025-08-09 19:27:46',	'2025-08-09 19:27:46'),
('215090400111049',	'yunipuspito@student.ub.ac.id',	'Yuni Puspito Sari',	1,	'2025-08-09 19:27:46',	'2025-08-09 19:27:46'),
('215090400111050',	'rolandosaroeli@student.ub.ac.id',	'Rolando Saroeli Gulo',	1,	'2025-08-09 19:27:46',	'2025-08-09 19:27:46'),
('215090400111053',	'mdzakwan870@student.ub.ac.id',	'Muhammad Dzakwan Al Khairi',	1,	'2025-08-09 19:27:46',	'2025-08-09 19:27:46'),
('215090400111054',	'rifaarini@student.ub.ac.id',	'RIF\'ATUL MUNIROH DWI ARINI',	1,	'2025-08-09 19:27:46',	'2025-08-09 19:27:46'),
('215090400111055',	'nitaadistiya@student.ub.ac.id',	'Nita Adistiya',	1,	'2025-08-09 19:27:46',	'2025-08-09 19:27:46'),
('215090400111056',	'meirida1652@student.ub.ac.id',	'MEIRIDA KARISMA PUTRI',	1,	'2025-08-09 19:27:46',	'2025-08-09 19:27:46'),
('215090400111057',	'afivgalih@student.ub.ac.id',	'AFIV GALIH PAUNDRA',	1,	'2025-08-09 19:27:46',	'2025-08-09 19:27:46'),
('215090400111058',	'melisaaprilia@student.ub.ac.id',	'MELISA APRILIANTI',	1,	'2025-08-09 19:27:46',	'2025-08-09 19:27:46'),
('215090400111059',	'agatha.theresia@student.ub.ac.id',	'Theresia',	1,	'2025-08-09 19:27:46',	'2025-08-09 19:27:46'),
('215090400111063',	'rofikhotul@student.ub.ac.id',	'ROFIKHOTUL MUJAYANAH',	1,	'2025-08-09 19:27:46',	'2025-08-09 19:27:46'),
('215090400111064',	'nehayatussaadah@student.ub.ac.id',	'NIHAYATUS SA\'ADA',	1,	'2025-08-09 19:27:46',	'2025-08-09 19:27:46'),
('215090400111065',	'yuniardell@student.ub.ac.id',	'DELPHI YUNIAR RUSMAWAN',	1,	'2025-08-09 19:27:46',	'2025-08-09 19:27:46'),
('215090400111066',	'rinadhista04@student.ub.ac.id',	'RINA ADHISTA',	1,	'2025-08-09 19:27:46',	'2025-08-09 19:27:46'),
('215090400111068',	'aceoneyy@student.ub.ac.id',	'ONEYNI EULLYA FISSAFARI SUGIANA',	1,	'2025-08-09 19:27:46',	'2025-08-09 19:27:46'),
('215090401111001',	'arfinadhifa@student.ub.ac.id',	'ARFI NADHIFA HANANTI',	1,	'2025-08-09 19:27:46',	'2025-08-09 19:27:46'),
('215090401111002',	'elmifitrida@student.ub.ac.id',	'Elmi Fitrida',	1,	'2025-08-09 19:27:46',	'2025-08-09 19:27:46'),
('215090401111003',	'franssiska@student.ub.ac.id',	'FRANSISKA',	1,	'2025-08-09 19:27:46',	'2025-08-09 19:27:46'),
('215090401111004',	'putra.natanael@student.ub.ac.id',	'Putra Natanael Yanuanto',	1,	'2025-08-09 19:27:46',	'2025-08-09 19:27:46'),
('215090401111005',	'roichaalfi@student.ub.ac.id',	'Roicha Alfi Niswatin',	1,	'2025-08-09 19:27:46',	'2025-08-09 19:27:46'),
('215090401111006',	'marcellcf03@student.ub.ac.id',	'Marcell Christian Franky',	1,	'2025-08-09 19:27:46',	'2025-08-09 19:27:46'),
('215090401111007',	'diazastiza9@student.ub.ac.id',	'DIAZ ASTIZA',	1,	'2025-08-09 19:27:46',	'2025-08-09 19:27:46'),
('215090401111008',	'indaah2163@student.ub.ac.id',	'INDAH MAHARANI',	1,	'2025-08-09 19:27:46',	'2025-08-09 19:27:46'),
('215090401111009',	'aisyahayuef@student.ub.ac.id',	'AISYAH AYU EKA FITRIANA',	1,	'2025-08-09 19:27:46',	'2025-08-09 19:27:46'),
('215090401111010',	'lailatriastuti@student.ub.ac.id',	'LAILA TRI ASTUTI',	1,	'2025-08-09 19:27:46',	'2025-08-09 19:27:46'),
('215090401111012',	'innazinnaz@student.ub.ac.id',	'INNAZ',	1,	'2025-08-09 19:27:46',	'2025-08-09 19:27:46'),
('215090401111013',	'radyandra2401@student.ub.ac.id',	'RADYANDRA DARA DIRANTI',	1,	'2025-08-09 19:27:46',	'2025-08-09 19:27:46'),
('215090401111014',	'aisyahdayu22@student.ub.ac.id',	'AISYAH DAYU DAMAYANTI',	1,	'2025-08-09 19:27:46',	'2025-08-09 19:27:46'),
('215090401111015',	'deasygabriella@student.ub.ac.id',	'Deasy Gabriella Putri Arum',	1,	'2025-08-09 19:27:46',	'2025-08-09 19:27:46'),
('215090401111016',	'salsabilans11@student.ub.ac.id',	'Salsabila nazla shafakamila',	1,	'2025-08-09 19:27:46',	'2025-08-09 19:27:46'),
('215090401111017',	'dindadwi@student.ub.ac.id',	'DINDA DWI DARMAYANTI',	1,	'2025-08-09 19:27:46',	'2025-08-09 19:27:46'),
('215090401111019',	'fatikhaani@student.ub.ac.id',	'FATIKHA ANI MAKRUFAH',	1,	'2025-08-09 19:27:46',	'2025-08-09 19:27:46'),
('215090401111020',	'andhinvaniza@student.ub.ac.id',	'ANDHIN VANIZA ZAHRANIE',	1,	'2025-08-09 19:27:46',	'2025-08-09 19:27:46'),
('215090401111021',	'aninditahp372@student.ub.ac.id',	'ANINDITA HANINDIYA PUTRI',	1,	'2025-08-09 19:27:46',	'2025-08-09 19:27:46'),
('215090401111022',	'arijfirdausa05@student.ub.ac.id',	'ARIJ FIRDAUSA FITRATUL FAIZAH',	1,	'2025-08-09 19:27:46',	'2025-08-09 19:27:46'),
('215090401111023',	'delindazahro20@student.ub.ac.id',	'Delinda Aminatuz Zahro',	1,	'2025-08-09 19:27:46',	'2025-08-09 19:27:46'),
('215090401111024',	'rahmalathifah31@student.ub.ac.id',	'RAHMA LATHIFAH',	1,	'2025-08-09 19:27:46',	'2025-08-09 19:27:46'),
('215090401111025',	'dheaalysafitri@student.ub.ac.id',	'DHEA ALYSA FITRI',	1,	'2025-08-09 19:27:46',	'2025-08-09 19:27:46'),
('215090401111026',	'ditaardiana@student.ub.ac.id',	'DITA ARDIANA',	1,	'2025-08-09 19:27:46',	'2025-08-09 19:27:46'),
('215090401111029',	'mahdiahrifqi@student.ub.ac.id',	'MAHDIAH RIFQI AMALIA',	1,	'2025-08-09 19:27:46',	'2025-08-09 19:27:46'),
('215090401111030',	'novitapratama8@student.ub.ac.id',	'NOVITA PRATAMA',	1,	'2025-08-09 19:27:46',	'2025-08-09 19:27:46'),
('215090401111031',	'loreine@student.ub.ac.id',	'LOREINE MAHESWARI ATTAQIYA HERLAMBANG',	1,	'2025-08-09 19:27:46',	'2025-08-09 19:27:46'),
('215090401111032',	'jeremynw.jnw@student.ub.ac.id',	'Jeremy Nathanael WU',	1,	'2025-08-09 19:27:46',	'2025-08-09 19:27:46'),
('215090401111034',	'milyasarafi@student.ub.ac.id',	'muhammad ilyasa rafi azhar',	1,	'2025-08-09 19:27:46',	'2025-08-09 19:27:46'),
('215090401111035',	'nathasyasiregar@student.ub.ac.id',	'NATHASYA ABELLIA PUTRI SIREGAR',	1,	'2025-08-09 19:27:46',	'2025-08-09 19:27:46'),
('215090401111037',	'ekadisafs@student.ub.ac.id',	'Disa Eka Firdy Santoso',	1,	'2025-08-09 19:27:46',	'2025-08-09 19:27:46'),
('215090401111038',	'divacandra26@student.ub.ac.id',	'DIVA CANDRA KANTI',	1,	'2025-08-09 19:27:46',	'2025-08-09 19:27:46'),
('215090401111039',	'attarilyasa7@student.ub.ac.id',	'MUHAMMAD ATTAR ILYASA',	1,	'2025-08-09 19:27:46',	'2025-08-09 19:27:46'),
('215090401111041',	'milhammaulana@student.ub.ac.id',	'MOHAMMAD ILHAM MAULANA',	1,	'2025-08-09 19:27:46',	'2025-08-09 19:27:46'),
('215090401111042',	'arumkusumaaaw@student.ub.ac.id',	'Arum Kusuma Wulandari',	1,	'2025-08-09 19:27:46',	'2025-08-09 19:27:46'),
('215090401111043',	'raissarubyha@student.ub.ac.id',	'Raissa Riyantiarifa Rubyha',	1,	'2025-08-09 19:27:46',	'2025-08-09 19:27:46'),
('215090401111044',	'febrisaekanurpa@student.ub.ac.id',	'FEBRISA EKA NUR PATRICIA',	1,	'2025-08-09 19:27:46',	'2025-08-09 19:27:46'),
('215090401111045',	'firdaupi1307@student.ub.ac.id',	'ASAFALLAHI FIRDAUS',	1,	'2025-08-09 19:27:46',	'2025-08-09 19:27:46'),
('215090401111046',	'dhurrotul@student.ub.ac.id',	'DHURROTUL LU\'AH',	1,	'2025-08-09 19:27:46',	'2025-08-09 19:27:46'),
('215090401111047',	'imeldaester14@student.ub.ac.id',	'IMELDA ESTER',	1,	'2025-08-09 19:27:46',	'2025-08-09 19:27:46'),
('215090401111048',	'amaliazamzam@student.ub.ac.id',	'AMALIA ZAM - ZAM CHOIRUN NI\'AM',	1,	'2025-08-09 19:27:46',	'2025-08-09 19:27:46'),
('215090401111049',	'livialut172@student.ub.ac.id',	'LIVIA LUTJATUL ILMIYAH',	1,	'2025-08-09 19:27:46',	'2025-08-09 19:27:46'),
('215090401111052',	'ristyandesta@student.ub.ac.id',	'RISTYAN DESTA ANGGRAINI',	1,	'2025-08-09 19:27:46',	'2025-08-09 19:27:46'),
('215090401111054',	'lintanasiyatun@student.ub.ac.id',	'LINTAN \'ASIYATUN NABAH',	1,	'2025-08-09 19:27:46',	'2025-08-09 19:27:46'),
('215090401111055',	'fitrinabilah611@student.ub.ac.id',	'FITRI NABILAH RAHMAWATI',	1,	'2025-08-09 19:27:46',	'2025-08-09 19:27:46'),
('215090401111056',	'habibkhairuman2@student.ub.ac.id',	'HABIB KHAIRUMAN LUBIS',	1,	'2025-08-09 19:27:46',	'2025-08-09 19:27:46'),
('215090401111057',	'miaputriaulia@student.ub.ac.id',	'Mia Putri Aulia Setyowati',	1,	'2025-08-09 19:27:46',	'2025-08-09 19:27:46'),
('215090401111058',	'dioseto12327@student.ub.ac.id',	'AUDIOSETO WIGUNO',	1,	'2025-08-09 19:27:46',	'2025-08-09 19:27:46'),
('215090401111059',	'disahuma@student.ub.ac.id',	'DIAZ SABRI HUSSEIN MAULANA',	1,	'2025-08-09 19:27:46',	'2025-08-09 19:27:46'),
('215090401111060',	'nidhomaq@student.ub.ac.id',	'NIDHOM ADDARQUTHNI',	1,	'2025-08-09 19:27:46',	'2025-08-09 19:27:46'),
('215090407111002',	'amandaakiraa@student.ub.ac.id',	'Amanda Akira Nasrul',	1,	'2025-08-09 19:27:46',	'2025-08-09 19:27:46'),
('215090407111003',	'athirahzha@student.ub.ac.id',	'NOOR ATHIRAH ZAHIDAH',	1,	'2025-08-09 19:27:46',	'2025-08-09 19:27:46'),
('215090407111004',	'agnesyuliae@student.ub.ac.id',	'AGNES YULIA ELISABETH PARDEDE',	1,	'2025-08-09 19:27:46',	'2025-08-09 19:27:46'),
('215090407111005',	'adillahzulia@student.ub.ac.id',	'Adillah Zulia Fajri',	1,	'2025-08-09 19:27:46',	'2025-08-09 19:27:46'),
('215090407111006',	'hanumhaq16@student.ub.ac.id',	'Hanum Amalia Qur\'ani',	1,	'2025-08-09 19:27:46',	'2025-08-09 19:27:46'),
('215090407111007',	'aleisya@student.ub.ac.id',	'Aleisya Asty Trisnalia',	1,	'2025-08-09 19:27:46',	'2025-08-09 19:27:46'),
('215090407111009',	'raisyamaulidina@student.ub.ac.id',	'Raisya Maulidina',	1,	'2025-08-09 19:27:46',	'2025-08-09 19:27:46'),
('215090407111010',	'deviriyanti@student.ub.ac.id',	'Devi Riyanti',	1,	'2025-08-09 19:27:46',	'2025-08-09 19:27:46'),
('215090407111011',	'mnafisal07@student.ub.ac.id',	'MARDIYATUN NAFISAL',	1,	'2025-08-09 19:27:46',	'2025-08-09 19:27:46'),
('215090407111012',	'faradhila@student.ub.ac.id',	'FARADHILA PUTRI KUSUMA',	1,	'2025-08-09 19:27:46',	'2025-08-09 19:27:46'),
('215090407111015',	'qothrunnadaach@student.ub.ac.id',	'Qothrun Nadaa Chairunnisa',	1,	'2025-08-09 19:27:46',	'2025-08-09 19:27:46'),
('215090407111016',	'msyahrial2003@student.ub.ac.id',	'M SYAHRIAL RAMADHANI AGOES',	1,	'2025-08-09 19:27:46',	'2025-08-09 19:27:46'),
('215090407111018',	'nabillacandraa_@student.ub.ac.id',	'NABILLA NUR FITRIA CANDRA',	1,	'2025-08-09 19:27:46',	'2025-08-09 19:27:46'),
('215090407111019',	'mercyanathirta@student.ub.ac.id',	'Mercyana Thirta Hariyanto',	1,	'2025-08-09 19:27:46',	'2025-08-09 19:27:46'),
('215090407111020',	'almira.febri02@student.ub.ac.id',	'Almira Febriyanti',	1,	'2025-08-09 19:27:46',	'2025-08-09 19:27:46'),
('215090407111021',	'haikal28122002@student.ub.ac.id',	'Muhammad Haikal',	1,	'2025-08-09 19:27:46',	'2025-08-09 19:27:46'),
('215090407111022',	'fatypuspanegara@student.ub.ac.id',	'FATY PUSPA NEGARA',	1,	'2025-08-09 19:27:46',	'2025-08-09 19:27:46'),
('215090407111023',	'finolaaf@student.ub.ac.id',	'FINOLA ANASTANSYA FERDIANA',	1,	'2025-08-09 19:27:46',	'2025-08-09 19:27:46'),
('215090407111024',	'adamfalah2003@student.ub.ac.id',	'ADAM NOOR FALAH',	1,	'2025-08-09 19:27:46',	'2025-08-09 19:27:46'),
('215090407111027',	'annisacendikia8@student.ub.ac.id',	'ANNISA\' CENDIKIA SHOLIHAH',	1,	'2025-08-09 19:27:46',	'2025-08-09 19:27:46'),
('215090407111028',	'bits2435@student.ub.ac.id',	'Abid Ammarullah',	1,	'2025-08-09 19:27:46',	'2025-08-09 19:27:46'),
('215090407111029',	'ardiarechptri@student.ub.ac.id',	'ARDIA RECHITA PUTRI',	1,	'2025-08-09 19:27:46',	'2025-08-09 19:27:46'),
('215090407111031',	'agathachandra@student.ub.ac.id',	'AGATHA CHANDRA DEWI NATASHA',	1,	'2025-08-09 19:27:46',	'2025-08-09 19:27:46'),
('215090407111032',	'onnevica@student.ub.ac.id',	'ONNE VICA HANZA',	1,	'2025-08-09 19:27:46',	'2025-08-09 19:27:46'),
('215090407111033',	'amelialia@student.ub.ac.id',	'Amelia Dyah Safitri',	1,	'2025-08-09 19:27:46',	'2025-08-09 19:27:46'),
('215090407111034',	'mariahoney1511@student.ub.ac.id',	'HONEY MARIA PUTRI WICAKSONO',	1,	'2025-08-09 19:27:46',	'2025-08-09 19:27:46'),
('215090407111036',	'syarhan_razaq@student.ub.ac.id',	'Muhammad Syarhan Razaq',	1,	'2025-08-09 19:27:46',	'2025-08-09 19:27:46'),
('215090407111039',	'hanifsetyo@student.ub.ac.id',	'Hanif Setyo Bagaskoro',	1,	'2025-08-09 19:27:46',	'2025-08-09 19:27:46'),
('215090407111040',	'rakafebrian04@student.ub.ac.id',	'Raka Febrian Alfarizi',	1,	'2025-08-09 19:27:46',	'2025-08-09 19:27:46'),
('215090407111041',	'josephineleony@student.ub.ac.id',	'Josephine Leony Oswina',	1,	'2025-08-09 19:27:46',	'2025-08-09 19:27:46'),
('215090407111043',	'nasywar22@student.ub.ac.id',	'Nasywa Rafi Putri',	1,	'2025-08-09 19:27:46',	'2025-08-09 19:27:46'),
('215090407111045',	'marvelsubiyanto@student.ub.ac.id',	'Joseph Marvel Subiyanto Junior',	1,	'2025-08-09 19:27:46',	'2025-08-09 19:27:46'),
('215090407111046',	'lailanazkiah@student.ub.ac.id',	'Lailan Azkiah',	1,	'2025-08-09 19:27:46',	'2025-08-09 19:27:46'),
('215090407111047',	'fsofyani@student.ub.ac.id',	'FAJAR SOFYAN ISNANTO',	1,	'2025-08-09 19:27:46',	'2025-08-09 19:27:46'),
('215090407111049',	'affanelsyah004@student.ub.ac.id',	'Fansyurna Muhammad Elsyah',	1,	'2025-08-09 19:27:46',	'2025-08-09 19:27:46'),
('215090407111051',	'faizahhanif@student.ub.ac.id',	'Faizah Hanif Azzahra',	1,	'2025-08-09 19:27:46',	'2025-08-09 19:27:46'),
('215090407111052',	'zidanalfarisy27@student.ub.ac.id',	'Muhammad Zidan Alfarisy',	1,	'2025-08-09 19:27:46',	'2025-08-09 19:27:46'),
('215090407111053',	'amelharvi1105@student.ub.ac.id',	'HARVI SYIFA AMELIA',	1,	'2025-08-09 19:27:46',	'2025-08-09 19:27:46'),
('215090407111054',	'fajar.arianto@student.ub.ac.id',	'Muhammad Fajar Arianto',	1,	'2025-08-09 19:27:46',	'2025-08-09 19:27:46'),
('215090407111056',	'aurakafathullah@student.ub.ac.id',	'Auraka Fathullah',	1,	'2025-08-09 19:27:46',	'2025-08-09 19:27:46'),
('215090407111057',	'yafiachmad@student.ub.ac.id',	'YAFI\' ACHMAD FIRMANSYAH',	1,	'2025-08-09 19:27:46',	'2025-08-09 19:27:46'),
('215090407111060',	'shafaadimitri@student.ub.ac.id',	'SHAFAA DIMITRI AZALEA',	1,	'2025-08-09 19:27:46',	'2025-08-09 19:27:46'),
('215090407111061',	'nabiel.abi@student.ub.ac.id',	'NABIEL RESHWARA CHANDRA',	1,	'2025-08-09 19:27:46',	'2025-08-09 19:27:46'),
('215091000111002',	'jonathan.ardi@student.ub.ac.id',	'Jonathan Ardi Putranto',	3,	'2025-08-09 19:27:46',	'2025-08-09 19:27:46'),
('215091000111003',	'indiraelza@student.ub.ac.id',	'Indira Elza Yunita',	3,	'2025-08-09 19:27:46',	'2025-08-09 19:27:46'),
('215091000111004',	'marcomarco@student.ub.ac.id',	'MARCO',	3,	'2025-08-09 19:27:46',	'2025-08-09 19:27:46'),
('215091000111005',	'danielf3@student.ub.ac.id',	'DANIEL FERDIANSYAH',	3,	'2025-08-09 19:27:46',	'2025-08-09 19:27:46'),
('215091000111006',	'astridrosa@student.ub.ac.id',	'ASTRID ROSA VIRGINIA SINURAT',	3,	'2025-08-09 19:27:46',	'2025-08-09 19:27:46'),
('215091000111007',	'raihanmelodiest@student.ub.ac.id',	'Raihan Bintang Ramadhan',	3,	'2025-08-09 19:27:46',	'2025-08-09 19:27:46'),
('215091000111008',	'irnadaaa@student.ub.ac.id',	'IRNADA AL ANATI',	3,	'2025-08-09 19:27:46',	'2025-08-09 19:27:46'),
('215091000111009',	'jokoapy29@student.ub.ac.id',	'Joko Alim Prayogo',	3,	'2025-08-09 19:27:46',	'2025-08-09 19:27:46'),
('215091000111010',	'nisaaanr@student.ub.ac.id',	'ANNISA NURHAYATI',	3,	'2025-08-09 19:27:46',	'2025-08-09 19:27:46'),
('215091000111011',	'annisaaura@student.ub.ac.id',	'ANNISA AURA FADILA',	3,	'2025-08-09 19:27:46',	'2025-08-09 19:27:46'),
('215091000111012',	'mashitahaisha@student.ub.ac.id',	'AISHA MASHITAH',	3,	'2025-08-09 19:27:46',	'2025-08-09 19:27:46'),
('215091000111014',	'chintyasinaga01@student.ub.ac.id',	'CHINTYA LUMINAR SINAGA',	3,	'2025-08-09 19:27:46',	'2025-08-09 19:27:46'),
('215091000111016',	'milkaalma22@student.ub.ac.id',	'Milka Alma Edita',	3,	'2025-08-09 19:27:46',	'2025-08-09 19:27:46'),
('215091000111017',	'jessicafel32@student.ub.ac.id',	'JESSICA FELICIANA',	3,	'2025-08-09 19:27:46',	'2025-08-09 19:27:46'),
('215091000111018',	'tian.benedict@student.ub.ac.id',	'BENEDICTUS KRISTIAN WICAKSANA',	3,	'2025-08-09 19:27:46',	'2025-08-09 19:27:46'),
('215091000111020',	'andrearmanda03@student.ub.ac.id',	'ANDRE ARMANDA GINTING',	3,	'2025-08-09 19:27:46',	'2025-08-09 19:27:46'),
('215091000111021',	'syakirahzulya@student.ub.ac.id',	'SYAKIRAH ZULYA AZZAHRA',	3,	'2025-08-09 19:27:46',	'2025-08-09 19:27:46'),
('215091000111022',	'alfonsius490@student.ub.ac.id',	'ALFONSIUS LINTANG',	3,	'2025-08-09 19:27:46',	'2025-08-09 19:27:46'),
('215091000111023',	'imeldaardptri@student.ub.ac.id',	'IMELDA ARDIAN PUTRI',	3,	'2025-08-09 19:27:46',	'2025-08-09 19:27:46'),
('215091000111025',	'lulumufidah@student.ub.ac.id',	'Lu\'lu\' Mufidah Rahma Putri',	3,	'2025-08-09 19:27:46',	'2025-08-09 19:27:46'),
('215091000111026',	'dimasputrar@student.ub.ac.id',	'Dimas Putra Rizkia',	3,	'2025-08-09 19:27:46',	'2025-08-09 19:27:46'),
('215091000111027',	'faradilanazwa@student.ub.ac.id',	'FARADILA NAZWASINTA',	3,	'2025-08-09 19:27:46',	'2025-08-09 19:27:46'),
('215091000111028',	'rahelsmnjtk@student.ub.ac.id',	'RAHEL SARI TUA SIMANJUNTAK',	3,	'2025-08-09 19:27:46',	'2025-08-09 19:27:46'),
('215091000111029',	'syafriezalrh@student.ub.ac.id',	'SYAFRIEZAL RAHMAN HAKIM',	3,	'2025-08-09 19:27:46',	'2025-08-09 19:27:46'),
('215091000111030',	'arifinh@student.ub.ac.id',	'Arifin Hardiyanto',	3,	'2025-08-09 19:27:46',	'2025-08-09 19:27:46'),
('215091000111031',	'atikah121@student.ub.ac.id',	'Ummi Atikah Ardana',	3,	'2025-08-09 19:27:46',	'2025-08-09 19:27:46'),
('215091000111032',	'divakurniady@student.ub.ac.id',	'Diva Kurniady',	3,	'2025-08-09 19:27:46',	'2025-08-09 19:27:46'),
('215091000111034',	'bhaktirossen@student.ub.ac.id',	'Bhakti Rossen Abim Perkasa',	3,	'2025-08-09 19:27:46',	'2025-08-09 19:27:46'),
('215091000111035',	'mahendradaffa20@student.ub.ac.id',	'MAHENDRA DAFFA MAHARDIKA',	3,	'2025-08-09 19:27:46',	'2025-08-09 19:27:46'),
('215091001111001',	'aprameyaby@student.ub.ac.id',	'APRAMEYA BERLIANNA YUDHISTIRA',	3,	'2025-08-09 19:27:46',	'2025-08-09 19:27:46'),
('215091001111002',	'jzahraza@student.ub.ac.id',	'JAUZA ZAHRAZA',	3,	'2025-08-09 19:27:46',	'2025-08-09 19:27:46'),
('215091001111003',	'maylicindy@student.ub.ac.id',	'MAYLI CINDY IHDAL MUHANNAH',	3,	'2025-08-09 19:27:46',	'2025-08-09 19:27:46'),
('215091001111004',	'zahrabila029@student.ub.ac.id',	'Zahra Sania Salsabila',	3,	'2025-08-09 19:27:46',	'2025-08-09 19:27:46'),
('215091001111005',	'tryarizky@student.ub.ac.id',	'Trya Rizky Adellia',	3,	'2025-08-09 19:27:46',	'2025-08-09 19:27:46'),
('215091001111006',	'yolanda.claudya@student.ub.ac.id',	'YOLANDA CLAUDYA LUMBANTOBING',	3,	'2025-08-09 19:27:46',	'2025-08-09 19:27:46'),
('215091001111007',	'dinarferdi11@student.ub.ac.id',	'Dinar Ferdiansyah',	3,	'2025-08-09 19:27:46',	'2025-08-09 19:27:46'),
('215091001111008',	'najwaaura31@student.ub.ac.id',	'NAJWA AURA FORTUNA',	3,	'2025-08-09 19:27:46',	'2025-08-09 19:27:46'),
('215091001111009',	'vladimir_cl@student.ub.ac.id',	'Vladimir Condro Laksono',	3,	'2025-08-09 19:27:46',	'2025-08-09 19:27:46'),
('215091001111010',	'vivianggraeny@student.ub.ac.id',	'Vivi Anggraeny',	3,	'2025-08-09 19:27:46',	'2025-08-09 19:27:46'),
('215091001111011',	'widitachy@student.ub.ac.id',	'WIDITA CAHYA DEWI',	3,	'2025-08-09 19:27:46',	'2025-08-09 19:27:46'),
('215091001111012',	'zahrasekar@student.ub.ac.id',	'ZAHRA SEKAR NEGARI',	3,	'2025-08-09 19:27:46',	'2025-08-09 19:27:46'),
('215091001111013',	'muhammad.siraj@student.ub.ac.id',	'MUHAMMAD SIRAJ ZAHRAN',	3,	'2025-08-09 19:27:46',	'2025-08-09 19:27:46'),
('215091001111014',	'fathurrozi.2833@student.ub.ac.id',	'MOHAMMAD FATHUR ROZI',	3,	'2025-08-09 19:27:46',	'2025-08-09 19:27:46'),
('215091001111015',	'alizazaininaa@student.ub.ac.id',	'ALIZA ZAININA AZKA',	3,	'2025-08-09 19:27:46',	'2025-08-09 19:27:46'),
('215091001111016',	'bhestinadilla@student.ub.ac.id',	'BHESTIN ADILLA RACHMAN',	3,	'2025-08-09 19:27:46',	'2025-08-09 19:27:46'),
('215091001111017',	'cinsintyajulia@student.ub.ac.id',	'CINSINTYA JULIA PUTRI TATTHARYAMA',	3,	'2025-08-09 19:27:46',	'2025-08-09 19:27:46'),
('215091001111018',	'fitrinafsiatin@student.ub.ac.id',	'FITRI NAFSIATIN',	3,	'2025-08-09 19:27:46',	'2025-08-09 19:27:46'),
('215091001111019',	'nazliamaliya@student.ub.ac.id',	'NAZLI AMALIYA RAMADHANI',	3,	'2025-08-09 19:27:46',	'2025-08-09 19:27:46'),
('215091001111020',	'sabrinasalsa@student.ub.ac.id',	'Sabrina Salsabila',	3,	'2025-08-09 19:27:46',	'2025-08-09 19:27:46'),
('215091001111022',	'aylaalifa@student.ub.ac.id',	'Ayla Alifa Syahrul',	3,	'2025-08-09 19:27:46',	'2025-08-09 19:27:46'),
('215091001111023',	'trecyelisabet@student.ub.ac.id',	'TRECY ELISABET TIORALINA SARAGIH',	3,	'2025-08-09 19:27:46',	'2025-08-09 19:27:46'),
('215091001111024',	'sachio.theodore@student.ub.ac.id',	'Sachio Theodore',	3,	'2025-08-09 19:27:46',	'2025-08-09 19:27:46'),
('215091001111025',	'zaltaardelia134@student.ub.ac.id',	'ZALTA ARDELIA',	3,	'2025-08-09 19:27:46',	'2025-08-09 19:27:46'),
('215091001111027',	'putizakira@student.ub.ac.id',	'PUTI ZAKIYAH RAISA ADI',	3,	'2025-08-09 19:27:46',	'2025-08-09 19:27:46'),
('215091001111028',	'ranggaput2929@student.ub.ac.id',	'RANGGA PUTRA DEWANGGA',	3,	'2025-08-09 19:27:46',	'2025-08-09 19:27:46'),
('215091001111029',	'han.furqoon@student.ub.ac.id',	'MUHAMMAD FARHAN ALFURQOON',	3,	'2025-08-09 19:27:46',	'2025-08-09 19:27:46'),
('215091007111001',	'aditya.wahyu45@student.ub.ac.id',	'ADITYA WAHYU RAHMANI',	3,	'2025-08-09 19:27:46',	'2025-08-09 19:27:46'),
('215091007111003',	'salsabila253@student.ub.ac.id',	'Salsabila',	3,	'2025-08-09 19:27:46',	'2025-08-09 19:27:46'),
('215091007111005',	'luna.aurelia123@student.ub.ac.id',	'Luna Putri Aurelia',	3,	'2025-08-09 19:27:46',	'2025-08-09 19:27:46'),
('215091007111006',	'cundacinta@student.ub.ac.id',	'RIDHIYYAH CUNDACINTA ARWANNI',	3,	'2025-08-09 19:27:46',	'2025-08-09 19:27:46'),
('215091007111008',	'audreytanbud@student.ub.ac.id',	'Audrey Tan Budiarto',	3,	'2025-08-09 19:27:46',	'2025-08-09 19:27:46'),
('215091007111009',	'm.rasyid.wi@student.ub.ac.id',	'Muhammad Rasyid Wicaksono',	3,	'2025-08-09 19:27:46',	'2025-08-09 19:27:46'),
('215091007111010',	'rijaalramli@student.ub.ac.id',	'Rijal Ramli',	3,	'2025-08-09 19:27:46',	'2025-08-09 19:27:46'),
('215091007111011',	'ratumutiarami@student.ub.ac.id',	'RATU MUTIARA MEI ILAFIYANI',	3,	'2025-08-09 19:27:46',	'2025-08-09 19:27:46'),
('215091007111013',	'fikriraihan@student.ub.ac.id',	'MUHAMMAD FIKRI RAIHAN',	3,	'2025-08-09 19:27:46',	'2025-08-09 19:27:46'),
('215091007111015',	'almanella08@student.ub.ac.id',	'Nella Alma Melinda Pusponegoro Batubara',	3,	'2025-08-09 19:27:46',	'2025-08-09 19:27:46'),
('215091007111017',	'elvinaabhinaya@student.ub.ac.id',	'ELVINA ABHINAYA ROHMAT',	3,	'2025-08-09 19:27:46',	'2025-08-09 19:27:46'),
('215091007111018',	'desaksarma@student.ub.ac.id',	'Desak Ayu Istri Shruti Sarma',	3,	'2025-08-09 19:27:46',	'2025-08-09 19:27:46'),
('215091007111019',	'ayudindapap@student.ub.ac.id',	'Made Ayu Dinda Pradnyaswari Artha Putri',	3,	'2025-08-09 19:27:46',	'2025-08-09 19:27:46'),
('215091007111020',	'jeremykrisnadi@student.ub.ac.id',	'Jeremy Timotius Krisnadi',	3,	'2025-08-09 19:27:46',	'2025-08-09 19:27:46'),
('215091007111021',	'gracia.simonnn@student.ub.ac.id',	'Gracia Ivana Simon',	3,	'2025-08-09 19:27:46',	'2025-08-09 19:27:46'),
('215091007111022',	'farikaayu@student.ub.ac.id',	'FARIKA AYU AMALIA',	3,	'2025-08-09 19:27:46',	'2025-08-09 19:27:46'),
('215091007111023',	'sindy.sativiani@student.ub.ac.id',	'Sindy Sativiani Ariyanto',	3,	'2025-08-09 19:27:46',	'2025-08-09 19:27:46'),
('215091007111025',	'anastasiaveren@student.ub.ac.id',	'Anastasia Veren',	3,	'2025-08-09 19:27:46',	'2025-08-09 19:27:46'),
('215091007111026',	'finanurbaiti06@student.ub.ac.id',	'Fina Nurbaiti Janah',	3,	'2025-08-09 19:27:46',	'2025-08-09 19:27:46'),
('215091007111027',	'aliciamora@student.ub.ac.id',	'Alicia Mora',	3,	'2025-08-09 19:27:46',	'2025-08-09 19:27:46'),
('215091007111029',	'yeptamanurung@student.ub.ac.id',	'Yepta Raja Manurung',	3,	'2025-08-09 19:27:46',	'2025-08-09 19:27:46'),
('215091007111030',	'dndrlsh@student.ub.ac.id',	'Diandra Alisha Purnomo',	3,	'2025-08-09 19:27:46',	'2025-08-09 19:27:46'),
('215091007111032',	'paramitam@student.ub.ac.id',	'Paramita Maheswari',	3,	'2025-08-09 19:27:46',	'2025-08-09 19:27:46'),
('215091007111033',	'jihanaliya@student.ub.ac.id',	'Jihan Aliya Azhar',	3,	'2025-08-09 19:27:46',	'2025-08-09 19:27:46'),
('215091007111035',	'faridmusyaffa@student.ub.ac.id',	'Farid Ahmad Musyaffa\'',	3,	'2025-08-09 19:27:46',	'2025-08-09 19:27:46'),
('215091007111036',	'ariqarrasyid23@student.ub.ac.id',	'Ariq Arrasyid H',	3,	'2025-08-09 19:27:46',	'2025-08-09 19:27:46'),
('215091007111038',	'hevelynnarto@student.ub.ac.id',	'hevelyn narto',	3,	'2025-08-09 19:27:46',	'2025-08-09 19:27:46'),
('215091007111040',	'aishakirana18@student.ub.ac.id',	'Aisha Kirana',	3,	'2025-08-09 19:27:46',	'2025-08-09 19:27:46'),
('215091007111041',	'callistangelira@student.ub.ac.id',	'Callista Angelira',	3,	'2025-08-09 19:27:46',	'2025-08-09 19:27:46'),
('215091007111042',	'neysasr@student.ub.ac.id',	'NEYSA SALSABILA RAHMAWATI',	3,	'2025-08-09 19:27:46',	'2025-08-09 19:27:46'),
('215091007111043',	'azahraaulia@student.ub.ac.id',	'Azahra Aulia Maulidina',	3,	'2025-08-09 19:27:46',	'2025-08-09 19:27:46');

DROP TABLE IF EXISTS `apps_study_programs`;
CREATE TABLE `apps_study_programs` (
  `id` int(11) NOT NULL AUTO_INCREMENT,
  `name` varchar(64) NOT NULL,
  `lecturer_id` varchar(20) DEFAULT NULL,
  PRIMARY KEY (`id`),
  KEY `lecturer_id` (`lecturer_id`),
  CONSTRAINT `study_programs_ibfk_1` FOREIGN KEY (`lecturer_id`) REFERENCES `apps_lecturers` (`id`)
) ENGINE=InnoDB DEFAULT CHARSET=utf8mb4 COLLATE=utf8mb4_general_ci;

INSERT INTO `apps_study_programs` (`id`, `name`, `lecturer_id`) VALUES
(1,	'Sarjana Matematika',	'198505152009122004'),
(2,	'Sarjana Statistika',	NULL),
(3,	'Sarjana Ilmu Aktuaria',	'198411242009122006');

DROP TABLE IF EXISTS `apps_user_roles`;
CREATE TABLE `apps_user_roles` (
  `id` int(11) NOT NULL AUTO_INCREMENT,
  `user_id` varchar(20) NOT NULL,
  `role_id` varchar(20) NOT NULL,
  PRIMARY KEY (`id`)
) ENGINE=InnoDB DEFAULT CHARSET=utf8mb4 COLLATE=utf8mb4_general_ci;

INSERT INTO `apps_user_roles` (`id`, `user_id`, `role_id`) VALUES
(1,	'3508131811970002',	'1'),
(2,	'3508131811970002',	'4'),
(3,	'2008108707071001',	'4'),
(4,	'197810232009102002',	'4'),
(5,	'195305231983031002',	'3'),
(6,	'195905151992031002',	'3'),
(7,	'195910311989121001',	'3'),
(8,	'196012071988021001',	'3'),
(9,	'196101171988021002',	'3'),
(10,	'196105161987012001',	'3'),
(11,	'196112041988021001',	'3'),
(12,	'196203141989031001',	'3'),
(13,	'196211161988031004',	'3'),
(14,	'196309261989032001',	'3'),
(15,	'196607281993032001',	'3'),
(16,	'196611121991032001',	'3'),
(17,	'196709071992031001',	'3'),
(18,	'196807252002122001',	'3'),
(19,	'196908071994121001',	'3'),
(20,	'197006221998022001',	'3'),
(21,	'197312162002122001',	'3'),
(22,	'197509082000031003',	'3'),
(23,	'197801152002121003',	'3'),
(24,	'197911292005012002',	'3'),
(25,	'198008142005012004',	'3'),
(26,	'198209252006042001',	'3'),
(27,	'198302222009122002',	'3'),
(30,	'198604112019031009',	'3'),
(31,	'198605042009122006',	'3'),
(32,	'198706102014042002',	'3'),
(33,	'199006202015042004',	'3'),
(34,	'199202052022031006',	'3'),
(35,	'175090400111009',	'2'),
(36,	'155090400111017',	'2'),
(37,	'155090401111021',	'2'),
(38,	'155090401111042',	'2'),
(39,	'155090407111024',	'2'),
(40,	'165090400111007',	'2'),
(41,	'165090400111017',	'2'),
(42,	'165090400111021',	'2'),
(43,	'165090401111019',	'2'),
(44,	'165090407111002',	'2'),
(45,	'165090407111011',	'2'),
(46,	'165090407111013',	'2'),
(47,	'165090407111030',	'2'),
(48,	'165090407111034',	'2'),
(49,	'175090400111002',	'2'),
(50,	'175090400111011',	'2'),
(51,	'175090400111014',	'2'),
(52,	'175090400111017',	'2'),
(53,	'175090400111018',	'2'),
(54,	'175090400111022',	'2'),
(55,	'175090400111023',	'2'),
(56,	'175090400111028',	'2'),
(57,	'175090400111033',	'2'),
(58,	'175090400111034',	'2'),
(59,	'175090400111038',	'2'),
(60,	'175090400111039',	'2'),
(61,	'175090400111040',	'2'),
(62,	'175090401111005',	'2'),
(63,	'175090401111008',	'2'),
(64,	'175090401111012',	'2'),
(65,	'175090401111019',	'2'),
(66,	'175090401111024',	'2'),
(67,	'175090401111029',	'2'),
(68,	'175090401111030',	'2'),
(69,	'175090401111032',	'2'),
(70,	'175090401111035',	'2'),
(71,	'175090407111004',	'2'),
(72,	'175090407111005',	'2'),
(73,	'175090407111010',	'2'),
(74,	'175090407111012',	'2'),
(75,	'175090407111015',	'2'),
(76,	'175090407111016',	'2'),
(77,	'175090407111019',	'2'),
(78,	'175090407111020',	'2'),
(79,	'175090407111023',	'2'),
(80,	'175090407111024',	'2'),
(81,	'175090407111027',	'2'),
(82,	'175090407111028',	'2'),
(83,	'175090407111030',	'2'),
(84,	'175090407111031',	'2'),
(85,	'175090407111033',	'2'),
(86,	'185090400111001',	'2'),
(87,	'185090400111002',	'2'),
(88,	'185090400111005',	'2'),
(89,	'185090400111006',	'2'),
(90,	'185090400111007',	'2'),
(91,	'185090400111008',	'2'),
(92,	'185090400111010',	'2'),
(93,	'185090400111011',	'2'),
(94,	'185090400111012',	'2'),
(95,	'185090400111015',	'2'),
(96,	'185090400111016',	'2'),
(97,	'185090400111017',	'2'),
(98,	'185090400111018',	'2'),
(99,	'185090400111019',	'2'),
(100,	'185090400111020',	'2'),
(101,	'185090400111021',	'2'),
(102,	'185090400111022',	'2'),
(103,	'185090400111025',	'2'),
(104,	'185090400111027',	'2'),
(105,	'185090400111029',	'2'),
(106,	'185090400111031',	'2'),
(107,	'185090400111033',	'2'),
(108,	'185090400111034',	'2'),
(109,	'185090400111035',	'2'),
(110,	'185090400111036',	'2'),
(111,	'185090400111038',	'2'),
(112,	'185090400111039',	'2'),
(113,	'185090400111040',	'2'),
(114,	'185090400111041',	'2'),
(115,	'185090400111042',	'2'),
(116,	'185090400111043',	'2'),
(117,	'185090400111044',	'2'),
(118,	'185090400111045',	'2'),
(119,	'185090400111047',	'2'),
(120,	'185090400111048',	'2'),
(121,	'185090401111002',	'2'),
(122,	'185090401111003',	'2'),
(123,	'185090401111004',	'2'),
(124,	'185090401111006',	'2'),
(125,	'185090401111007',	'2'),
(126,	'185090401111008',	'2'),
(127,	'185090401111009',	'2'),
(128,	'185090401111010',	'2'),
(129,	'185090401111012',	'2'),
(130,	'185090401111013',	'2'),
(131,	'185090401111014',	'2'),
(132,	'185090401111015',	'2'),
(133,	'185090401111016',	'2'),
(134,	'185090401111017',	'2'),
(135,	'185090401111018',	'2'),
(136,	'185090401111019',	'2'),
(137,	'185090401111020',	'2'),
(138,	'185090401111021',	'2'),
(139,	'185090401111022',	'2'),
(140,	'185090401111023',	'2'),
(141,	'185090401111024',	'2'),
(142,	'185090401111025',	'2'),
(143,	'185090401111026',	'2'),
(144,	'185090401111027',	'2'),
(145,	'185090401111028',	'2'),
(146,	'185090401111029',	'2'),
(147,	'185090401111030',	'2'),
(148,	'185090401111031',	'2'),
(149,	'185090401111032',	'2'),
(150,	'185090401111033',	'2'),
(151,	'185090401111034',	'2'),
(152,	'185090401111036',	'2'),
(153,	'185090401111037',	'2'),
(154,	'185090401111038',	'2'),
(155,	'185090401111039',	'2'),
(156,	'185090407111001',	'2'),
(157,	'185090407111002',	'2'),
(158,	'185090407111003',	'2'),
(159,	'185090407111004',	'2'),
(160,	'185090407111005',	'2'),
(161,	'185090407111006',	'2'),
(162,	'185090407111007',	'2'),
(163,	'185090407111008',	'2'),
(164,	'185090407111009',	'2'),
(165,	'185090407111010',	'2'),
(166,	'185090407111012',	'2'),
(167,	'185090407111013',	'2'),
(168,	'185090407111014',	'2'),
(169,	'185090407111015',	'2'),
(170,	'185090407111017',	'2'),
(171,	'185090407111019',	'2'),
(172,	'185090407111020',	'2'),
(173,	'185090407111021',	'2'),
(174,	'185090420111001',	'2'),
(175,	'195090400111001',	'2'),
(176,	'195090400111002',	'2'),
(177,	'195090400111003',	'2'),
(178,	'195090400111004',	'2'),
(179,	'195090400111005',	'2'),
(180,	'195090400111006',	'2'),
(181,	'195090400111007',	'2'),
(182,	'195090400111008',	'2'),
(183,	'195090400111009',	'2'),
(184,	'195090400111010',	'2'),
(185,	'195090400111012',	'2'),
(186,	'195090400111013',	'2'),
(187,	'195090400111015',	'2'),
(188,	'195090400111017',	'2'),
(189,	'195090400111018',	'2'),
(190,	'195090400111019',	'2'),
(191,	'195090400111020',	'2'),
(192,	'195090400111021',	'2'),
(193,	'195090400111022',	'2'),
(194,	'195090400111023',	'2'),
(195,	'195090400111024',	'2'),
(196,	'195090400111025',	'2'),
(197,	'195090400111026',	'2'),
(198,	'195090400111027',	'2'),
(199,	'195090400111028',	'2'),
(200,	'195090400111030',	'2'),
(201,	'195090400111031',	'2'),
(202,	'195090400111032',	'2'),
(203,	'195090400111033',	'2'),
(204,	'195090400111034',	'2'),
(205,	'195090400111035',	'2'),
(206,	'195090400111036',	'2'),
(207,	'195090400111037',	'2'),
(208,	'195090400111038',	'2'),
(209,	'195090400111039',	'2'),
(210,	'195090400111040',	'2'),
(211,	'195090400111041',	'2'),
(212,	'195090400111043',	'2'),
(213,	'195090400111045',	'2'),
(214,	'195090400111046',	'2'),
(215,	'195090400111047',	'2'),
(216,	'195090400111048',	'2'),
(217,	'195090400111049',	'2'),
(218,	'195090400111050',	'2'),
(219,	'195090400111052',	'2'),
(220,	'195090400111053',	'2'),
(221,	'195090400111054',	'2'),
(222,	'195090400111055',	'2'),
(223,	'195090400111056',	'2'),
(224,	'195090400111058',	'2'),
(225,	'195090400111059',	'2'),
(226,	'195090400111060',	'2'),
(227,	'195090400111062',	'2'),
(228,	'195090400111065',	'2'),
(229,	'195090400111067',	'2'),
(230,	'195090400111068',	'2'),
(231,	'195090400111069',	'2'),
(232,	'195090400111071',	'2'),
(233,	'195090400111072',	'2'),
(234,	'195090400111073',	'2'),
(235,	'195090400111074',	'2'),
(236,	'195090401111001',	'2'),
(237,	'195090401111002',	'2'),
(238,	'195090401111003',	'2'),
(239,	'195090401111005',	'2'),
(240,	'195090401111006',	'2'),
(241,	'195090401111007',	'2'),
(242,	'195090401111008',	'2'),
(243,	'195090401111009',	'2'),
(244,	'195090401111010',	'2'),
(245,	'195090401111012',	'2'),
(246,	'195090401111013',	'2'),
(247,	'195090401111014',	'2'),
(248,	'195090401111015',	'2'),
(249,	'195090401111016',	'2'),
(250,	'195090401111017',	'2'),
(251,	'195090401111018',	'2'),
(252,	'195090401111019',	'2'),
(253,	'195090401111020',	'2'),
(254,	'195090401111021',	'2'),
(255,	'195090401111022',	'2'),
(256,	'195090401111023',	'2'),
(257,	'195090401111024',	'2'),
(258,	'195090401111025',	'2'),
(259,	'195090401111026',	'2'),
(260,	'195090401111027',	'2'),
(261,	'195090401111028',	'2'),
(262,	'195090401111029',	'2'),
(263,	'195090401111030',	'2'),
(264,	'195090401111031',	'2'),
(265,	'195090401111032',	'2'),
(266,	'195090401111033',	'2'),
(267,	'195090401111034',	'2'),
(268,	'195090401111035',	'2'),
(269,	'195090401111036',	'2'),
(270,	'195090401111037',	'2'),
(271,	'195090401111038',	'2'),
(272,	'195090401111039',	'2'),
(273,	'195090401111040',	'2'),
(274,	'195090401111041',	'2'),
(275,	'195090401111042',	'2'),
(276,	'195090401111043',	'2'),
(277,	'195090401111045',	'2'),
(278,	'195090401111046',	'2'),
(279,	'195090401111047',	'2'),
(280,	'195090401111048',	'2'),
(281,	'195090401111049',	'2'),
(282,	'195090401111050',	'2'),
(283,	'195090401111053',	'2'),
(284,	'195090401111054',	'2'),
(285,	'195090401111055',	'2'),
(286,	'195090401111056',	'2'),
(287,	'195090401111057',	'2'),
(288,	'195090401111058',	'2'),
(289,	'195090401111059',	'2'),
(290,	'195090407111001',	'2'),
(291,	'195090407111002',	'2'),
(292,	'195090407111003',	'2'),
(293,	'195090407111004',	'2'),
(294,	'195090407111006',	'2'),
(295,	'195090407111007',	'2'),
(296,	'195090407111008',	'2'),
(297,	'195090407111009',	'2'),
(298,	'195090407111010',	'2'),
(299,	'195090407111011',	'2'),
(300,	'195090407111012',	'2'),
(301,	'195090407111015',	'2'),
(302,	'195090407111018',	'2'),
(303,	'195090407111019',	'2'),
(304,	'195090407111020',	'2'),
(305,	'195090407111021',	'2'),
(306,	'195090407111022',	'2'),
(307,	'195090407111023',	'2'),
(308,	'195090407111024',	'2'),
(309,	'195090407111025',	'2'),
(310,	'195090407111026',	'2'),
(311,	'195090407111028',	'2'),
(312,	'195090407111029',	'2'),
(313,	'195090407111030',	'2'),
(314,	'195090407111031',	'2'),
(315,	'195090407111033',	'2'),
(316,	'195090407111034',	'2'),
(317,	'195090407111035',	'2'),
(318,	'195090407111036',	'2'),
(319,	'195090407111037',	'2'),
(320,	'195090407111038',	'2'),
(321,	'195090407111039',	'2'),
(322,	'195090407111040',	'2'),
(323,	'195090407111041',	'2'),
(324,	'195090407111043',	'2'),
(325,	'195090407111044',	'2'),
(326,	'195090407111045',	'2'),
(327,	'195090407111047',	'2'),
(328,	'195090407111049',	'2'),
(329,	'195090407111050',	'2'),
(330,	'195090407111051',	'2'),
(331,	'195090407111052',	'2'),
(332,	'195090407111053',	'2'),
(333,	'195090420111001',	'2'),
(334,	'205090400111001',	'2'),
(335,	'205090400111012',	'2'),
(336,	'205090400111020',	'2'),
(337,	'205090400111021',	'2'),
(338,	'205090400111025',	'2'),
(339,	'205090400111026',	'2'),
(340,	'205090400111027',	'2'),
(341,	'205090400111037',	'2'),
(342,	'205090400111044',	'2'),
(343,	'205090400111052',	'2'),
(344,	'205090401111002',	'2'),
(345,	'205090401111005',	'2'),
(346,	'205090401111006',	'2'),
(347,	'205090401111022',	'2'),
(348,	'205090401111037',	'2'),
(349,	'205090407111001',	'2'),
(350,	'205090407111009',	'2'),
(351,	'205090407111016',	'2'),
(352,	'205090407111027',	'2'),
(353,	'205090407111037',	'2'),
(354,	'205090407111042',	'2'),
(355,	'205090407111043',	'2'),
(356,	'205091000111005',	'2'),
(357,	'205091000111006',	'2'),
(358,	'205091000111015',	'2'),
(359,	'205091000111020',	'2'),
(360,	'205091000111027',	'2'),
(361,	'205091000111028',	'2'),
(362,	'205091000111035',	'2'),
(363,	'205091001111001',	'2'),
(364,	'205091001111003',	'2'),
(365,	'205091001111004',	'2'),
(366,	'205091001111005',	'2'),
(367,	'205091001111006',	'2'),
(368,	'205091001111007',	'2'),
(369,	'205091001111008',	'2'),
(370,	'205091001111009',	'2'),
(371,	'205091001111010',	'2'),
(372,	'205091001111011',	'2'),
(373,	'205091001111012',	'2'),
(374,	'205091001111013',	'2'),
(375,	'205091001111014',	'2'),
(376,	'205091001111015',	'2'),
(377,	'205091001111016',	'2'),
(378,	'205091001111017',	'2'),
(379,	'205091001111018',	'2'),
(380,	'205091001111019',	'2'),
(381,	'205091001111020',	'2'),
(382,	'205091001111021',	'2'),
(383,	'205091001111022',	'2'),
(384,	'205091001111023',	'2'),
(385,	'205091001111024',	'2'),
(386,	'205091001111025',	'2'),
(387,	'205091001111026',	'2'),
(388,	'205091007111020',	'2'),
(389,	'215090400111001',	'2'),
(390,	'215090400111002',	'2'),
(391,	'215090400111004',	'2'),
(392,	'215090400111005',	'2'),
(393,	'215090400111007',	'2'),
(394,	'215090400111008',	'2'),
(395,	'215090400111009',	'2'),
(396,	'215090400111010',	'2'),
(397,	'215090400111011',	'2'),
(398,	'215090400111012',	'2'),
(399,	'215090400111013',	'2'),
(400,	'215090400111014',	'2'),
(401,	'215090400111015',	'2'),
(402,	'215090400111016',	'2'),
(403,	'215090400111018',	'2'),
(404,	'215090400111019',	'2'),
(405,	'215090400111020',	'2'),
(406,	'215090400111021',	'2'),
(407,	'215090400111024',	'2'),
(408,	'215090400111025',	'2'),
(409,	'215090400111026',	'2'),
(410,	'215090400111027',	'2'),
(411,	'215090400111028',	'2'),
(412,	'215090400111031',	'2'),
(413,	'215090400111032',	'2'),
(414,	'215090400111033',	'2'),
(415,	'215090400111035',	'2'),
(416,	'215090400111036',	'2'),
(417,	'215090400111037',	'2'),
(418,	'215090400111038',	'2'),
(419,	'215090400111039',	'2'),
(420,	'215090400111041',	'2'),
(421,	'215090400111042',	'2'),
(422,	'215090400111043',	'2'),
(423,	'215090400111044',	'2'),
(424,	'215090400111045',	'2'),
(425,	'215090400111046',	'2'),
(426,	'215090400111047',	'2'),
(427,	'215090400111049',	'2'),
(428,	'215090400111050',	'2'),
(429,	'215090400111053',	'2'),
(430,	'215090400111054',	'2'),
(431,	'215090400111055',	'2'),
(432,	'215090400111056',	'2'),
(433,	'215090400111057',	'2'),
(434,	'215090400111058',	'2'),
(435,	'215090400111059',	'2'),
(436,	'215090400111063',	'2'),
(437,	'215090400111064',	'2'),
(438,	'215090400111065',	'2'),
(439,	'215090400111066',	'2'),
(440,	'215090400111068',	'2'),
(441,	'215090401111001',	'2'),
(442,	'215090401111002',	'2'),
(443,	'215090401111003',	'2'),
(444,	'215090401111004',	'2'),
(445,	'215090401111005',	'2'),
(446,	'215090401111006',	'2'),
(447,	'215090401111007',	'2'),
(448,	'215090401111008',	'2'),
(449,	'215090401111009',	'2'),
(450,	'215090401111010',	'2'),
(451,	'215090401111012',	'2'),
(452,	'215090401111013',	'2'),
(453,	'215090401111014',	'2'),
(454,	'215090401111015',	'2'),
(455,	'215090401111016',	'2'),
(456,	'215090401111017',	'2'),
(457,	'215090401111019',	'2'),
(458,	'215090401111020',	'2'),
(459,	'215090401111021',	'2'),
(460,	'215090401111022',	'2'),
(461,	'215090401111023',	'2'),
(462,	'215090401111024',	'2'),
(463,	'215090401111025',	'2'),
(464,	'215090401111026',	'2'),
(465,	'215090401111029',	'2'),
(466,	'215090401111030',	'2'),
(467,	'215090401111031',	'2'),
(468,	'215090401111032',	'2'),
(469,	'215090401111034',	'2'),
(470,	'215090401111035',	'2'),
(471,	'215090401111037',	'2'),
(472,	'215090401111038',	'2'),
(473,	'215090401111039',	'2'),
(474,	'215090401111041',	'2'),
(475,	'215090401111042',	'2'),
(476,	'215090401111043',	'2'),
(477,	'215090401111044',	'2'),
(478,	'215090401111045',	'2'),
(479,	'215090401111046',	'2'),
(480,	'215090401111047',	'2'),
(481,	'215090401111048',	'2'),
(482,	'215090401111049',	'2'),
(483,	'215090401111052',	'2'),
(484,	'215090401111054',	'2'),
(485,	'215090401111055',	'2'),
(486,	'215090401111056',	'2'),
(487,	'215090401111057',	'2'),
(488,	'215090401111058',	'2'),
(489,	'215090401111059',	'2'),
(490,	'215090401111060',	'2'),
(491,	'215090407111002',	'2'),
(492,	'215090407111003',	'2'),
(493,	'215090407111004',	'2'),
(494,	'215090407111005',	'2'),
(495,	'215090407111006',	'2'),
(496,	'215090407111007',	'2'),
(497,	'215090407111009',	'2'),
(498,	'215090407111010',	'2'),
(499,	'215090407111011',	'2'),
(500,	'215090407111012',	'2'),
(501,	'215090407111015',	'2'),
(502,	'215090407111016',	'2'),
(503,	'215090407111018',	'2'),
(504,	'215090407111019',	'2'),
(505,	'215090407111020',	'2'),
(506,	'215090407111021',	'2'),
(507,	'215090407111022',	'2'),
(508,	'215090407111023',	'2'),
(509,	'215090407111024',	'2'),
(510,	'215090407111027',	'2'),
(511,	'215090407111028',	'2'),
(512,	'215090407111029',	'2'),
(513,	'215090407111031',	'2'),
(514,	'215090407111032',	'2'),
(515,	'215090407111033',	'2'),
(516,	'215090407111034',	'2'),
(517,	'215090407111036',	'2'),
(518,	'215090407111039',	'2'),
(519,	'215090407111040',	'2'),
(520,	'215090407111041',	'2'),
(521,	'215090407111043',	'2'),
(522,	'215090407111045',	'2'),
(523,	'215090407111046',	'2'),
(524,	'215090407111047',	'2'),
(525,	'215090407111049',	'2'),
(526,	'215090407111051',	'2'),
(527,	'215090407111052',	'2'),
(528,	'215090407111053',	'2'),
(529,	'215090407111054',	'2'),
(530,	'215090407111056',	'2'),
(531,	'215090407111057',	'2'),
(532,	'215090407111060',	'2'),
(533,	'215090407111061',	'2'),
(534,	'215091000111002',	'2'),
(535,	'215091000111003',	'2'),
(536,	'215091000111004',	'2'),
(537,	'215091000111005',	'2'),
(538,	'215091000111006',	'2'),
(539,	'215091000111007',	'2'),
(540,	'215091000111008',	'2'),
(541,	'215091000111009',	'2'),
(542,	'215091000111010',	'2'),
(543,	'215091000111011',	'2'),
(544,	'215091000111012',	'2'),
(545,	'215091000111014',	'2'),
(546,	'215091000111016',	'2'),
(547,	'215091000111017',	'2'),
(548,	'215091000111018',	'2'),
(549,	'215091000111020',	'2'),
(550,	'215091000111021',	'2'),
(551,	'215091000111022',	'2'),
(552,	'215091000111023',	'2'),
(553,	'215091000111025',	'2'),
(554,	'215091000111026',	'2'),
(555,	'215091000111027',	'2'),
(556,	'215091000111028',	'2'),
(557,	'215091000111029',	'2'),
(558,	'215091000111030',	'2'),
(559,	'215091000111031',	'2'),
(560,	'215091000111032',	'2'),
(561,	'215091000111034',	'2'),
(562,	'215091000111035',	'2'),
(563,	'215091001111001',	'2'),
(564,	'215091001111002',	'2'),
(565,	'215091001111003',	'2'),
(566,	'215091001111004',	'2'),
(567,	'215091001111005',	'2'),
(568,	'215091001111006',	'2'),
(569,	'215091001111007',	'2'),
(570,	'215091001111008',	'2'),
(571,	'215091001111009',	'2'),
(572,	'215091001111010',	'2'),
(573,	'215091001111011',	'2'),
(574,	'215091001111012',	'2'),
(575,	'215091001111013',	'2'),
(576,	'215091001111014',	'2'),
(577,	'215091001111015',	'2'),
(578,	'215091001111016',	'2'),
(579,	'215091001111017',	'2'),
(580,	'215091001111018',	'2'),
(581,	'215091001111019',	'2'),
(582,	'215091001111020',	'2'),
(583,	'215091001111022',	'2'),
(584,	'215091001111023',	'2'),
(585,	'215091001111024',	'2'),
(586,	'215091001111025',	'2'),
(587,	'215091001111027',	'2'),
(588,	'215091001111028',	'2'),
(589,	'215091001111029',	'2'),
(590,	'215091007111001',	'2'),
(591,	'215091007111003',	'2'),
(592,	'215091007111005',	'2'),
(593,	'215091007111006',	'2'),
(594,	'215091007111008',	'2'),
(595,	'215091007111009',	'2'),
(596,	'215091007111010',	'2'),
(597,	'215091007111011',	'2'),
(598,	'215091007111013',	'2'),
(599,	'215091007111015',	'2'),
(600,	'215091007111017',	'2'),
(601,	'215091007111018',	'2'),
(602,	'215091007111019',	'2'),
(603,	'215091007111020',	'2'),
(604,	'215091007111021',	'2'),
(605,	'215091007111022',	'2'),
(606,	'215091007111023',	'2'),
(607,	'215091007111025',	'2'),
(608,	'215091007111026',	'2'),
(609,	'215091007111027',	'2'),
(610,	'215091007111029',	'2'),
(611,	'215091007111030',	'2'),
(612,	'215091007111032',	'2'),
(613,	'215091007111033',	'2'),
(614,	'215091007111035',	'2'),
(615,	'215091007111036',	'2'),
(616,	'215091007111038',	'2'),
(617,	'215091007111040',	'2'),
(618,	'215091007111041',	'2'),
(619,	'215091007111042',	'2'),
(620,	'215091007111043',	'2'),
(621,	'198505152009122004',	'3'),
(622,	'198505152009122004',	'5'),
(623,	'198411242009122006',	'3'),
(624,	'198411242009122006',	'5');

-- 2025-08-09 19:30:48 UTC
